TF,target
150,0
150,3
150,8
150,56
150,99
150,117
150,119
150,134
150,135
150,138
150,148
150,149
150,155
150,156
150,157
150,159
150,160
150,169
150,170
150,186
150,189
150,208
150,216
150,237
150,238
150,240
150,273
150,283
150,289
150,415
150,422
150,431
150,472
150,478
150,483
150,484
150,501
150,526
150,536
150,540
150,541
150,589
150,600
150,601
150,613
150,621
150,647
150,661
150,671
150,678
150,679
150,681
150,685
150,691
671,0
671,3
671,8
671,9
671,11
671,13
671,17
671,18
671,19
671,24
671,25
671,27
671,28
671,30
671,32
671,33
671,34
671,40
671,42
671,44
671,45
671,47
671,48
671,49
671,50
671,52
671,53
671,55
671,56
671,69
671,70
671,81
671,83
671,84
671,86
671,87
671,88
671,90
671,92
671,93
671,95
671,96
671,97
671,98
671,99
671,102
671,103
671,106
671,107
671,108
671,109
671,110
671,111
671,115
671,117
671,119
671,121
671,123
671,124
671,133
671,134
671,135
671,136
671,137
671,138
671,142
671,143
671,146
671,148
671,149
671,150
671,151
671,152
671,155
671,156
671,157
671,158
671,159
671,160
671,163
671,165
671,167
671,169
671,170
671,171
671,172
671,184
671,185
671,186
671,189
671,191
671,192
671,194
671,195
671,198
671,201
671,208
671,209
671,211
671,212
671,213
671,214
671,216
671,217
671,218
671,222
671,223
671,229
671,230
671,231
671,237
671,238
671,239
671,240
671,241
671,242
671,243
671,244
671,245
671,246
671,247
671,248
671,258
671,259
671,261
671,262
671,263
671,264
671,268
671,270
671,271
671,272
671,273
671,280
671,282
671,283
671,284
671,285
671,287
671,288
671,289
671,290
671,291
671,292
671,293
671,294
671,296
671,298
671,299
671,405
671,410
671,412
671,413
671,414
671,415
671,416
671,418
671,420
671,421
671,422
671,423
671,424
671,425
671,431
671,432
671,433
671,435
671,439
671,446
671,450
671,454
671,455
671,457
671,458
671,459
671,460
671,461
671,462
671,463
671,472
671,477
671,478
671,480
671,481
671,482
671,483
671,484
671,485
671,486
671,488
671,490
671,491
671,492
671,493
671,494
671,495
671,501
671,502
671,503
671,504
671,505
671,507
671,508
671,510
671,512
671,513
671,515
671,517
671,519
671,521
671,523
671,524
671,525
671,526
671,527
671,531
671,532
671,533
671,535
671,536
671,539
671,540
671,541
671,550
671,564
671,566
671,570
671,571
671,573
671,576
671,581
671,583
671,584
671,586
671,589
671,590
671,591
671,593
671,594
671,595
671,599
671,600
671,601
671,607
671,608
671,609
671,611
671,613
671,614
671,616
671,617
671,620
671,621
671,625
671,626
671,627
671,630
671,632
671,634
671,636
671,637
671,638
671,639
671,642
671,645
671,646
671,647
671,648
671,649
671,653
671,654
671,655
671,656
671,657
671,658
671,661
671,663
671,664
671,665
671,666
671,672
671,673
671,675
671,676
671,678
671,679
671,680
671,681
671,682
671,683
671,685
671,687
671,688
671,690
671,691
671,693
671,694
671,695
28,0
28,3
28,8
28,9
28,11
28,12
28,13
28,17
28,18
28,19
28,22
28,23
28,24
28,25
28,27
28,29
28,30
28,32
28,33
28,34
28,37
28,39
28,40
28,42
28,44
28,45
28,47
28,48
28,49
28,50
28,51
28,52
28,53
28,54
28,55
28,56
28,65
28,69
28,70
28,71
28,73
28,75
28,78
28,81
28,83
28,84
28,86
28,87
28,88
28,89
28,90
28,92
28,93
28,94
28,95
28,96
28,97
28,98
28,99
28,100
28,102
28,103
28,104
28,106
28,107
28,108
28,109
28,110
28,111
28,115
28,117
28,119
28,121
28,123
28,124
28,127
28,128
28,131
28,133
28,134
28,135
28,136
28,137
28,138
28,142
28,143
28,144
28,145
28,146
28,147
28,148
28,149
28,150
28,151
28,152
28,155
28,156
28,157
28,158
28,159
28,160
28,161
28,163
28,165
28,167
28,169
28,170
28,171
28,172
28,173
28,177
28,178
28,181
28,183
28,184
28,185
28,186
28,189
28,191
28,192
28,193
28,194
28,195
28,197
28,198
28,199
28,201
28,205
28,208
28,209
28,211
28,212
28,213
28,214
28,215
28,216
28,217
28,218
28,222
28,223
28,229
28,230
28,231
28,233
28,234
28,237
28,238
28,239
28,240
28,241
28,242
28,243
28,244
28,245
28,246
28,247
28,248
28,249
28,250
28,251
28,254
28,256
28,258
28,259
28,260
28,261
28,262
28,263
28,264
28,267
28,268
28,270
28,271
28,272
28,273
28,278
28,280
28,281
28,282
28,283
28,284
28,285
28,287
28,288
28,289
28,290
28,291
28,292
28,293
28,294
28,296
28,298
28,299
28,300
28,301
28,386
28,400
28,401
28,402
28,405
28,406
28,407
28,408
28,410
28,412
28,413
28,414
28,415
28,416
28,418
28,419
28,420
28,421
28,422
28,423
28,424
28,425
28,431
28,432
28,433
28,434
28,435
28,436
28,438
28,439
28,440
28,443
28,444
28,445
28,446
28,448
28,449
28,450
28,451
28,452
28,454
28,455
28,456
28,457
28,458
28,459
28,460
28,461
28,462
28,463
28,464
28,465
28,467
28,468
28,470
28,472
28,477
28,478
28,479
28,480
28,481
28,482
28,483
28,484
28,485
28,486
28,487
28,488
28,490
28,491
28,492
28,493
28,494
28,495
28,496
28,498
28,500
28,501
28,502
28,503
28,504
28,505
28,507
28,508
28,510
28,511
28,512
28,513
28,514
28,515
28,517
28,519
28,521
28,523
28,524
28,525
28,526
28,527
28,530
28,531
28,532
28,533
28,534
28,535
28,536
28,538
28,539
28,540
28,541
28,543
28,545
28,546
28,550
28,551
28,552
28,554
28,555
28,556
28,561
28,564
28,566
28,570
28,571
28,573
28,576
28,581
28,583
28,584
28,586
28,588
28,589
28,590
28,591
28,592
28,593
28,594
28,595
28,598
28,599
28,600
28,601
28,602
28,603
28,604
28,605
28,606
28,607
28,608
28,609
28,610
28,611
28,612
28,613
28,614
28,616
28,617
28,620
28,621
28,624
28,625
28,626
28,627
28,628
28,629
28,630
28,631
28,632
28,633
28,634
28,636
28,637
28,638
28,639
28,642
28,645
28,646
28,647
28,648
28,649
28,650
28,651
28,652
28,653
28,654
28,655
28,656
28,657
28,658
28,660
28,661
28,662
28,663
28,664
28,665
28,666
28,667
28,670
28,671
28,672
28,673
28,674
28,675
28,676
28,677
28,678
28,679
28,680
28,681
28,682
28,683
28,684
28,685
28,687
28,688
28,690
28,691
28,693
28,694
28,695
28,696
28,697
416,0
416,3
416,8
416,9
416,11
416,12
416,13
416,17
416,18
416,19
416,23
416,24
416,25
416,27
416,28
416,29
416,30
416,32
416,33
416,34
416,37
416,39
416,40
416,42
416,44
416,45
416,47
416,48
416,49
416,50
416,51
416,52
416,53
416,55
416,56
416,65
416,69
416,70
416,71
416,73
416,78
416,81
416,83
416,84
416,86
416,87
416,88
416,89
416,90
416,92
416,93
416,94
416,95
416,96
416,97
416,98
416,99
416,100
416,102
416,103
416,104
416,106
416,107
416,108
416,109
416,110
416,111
416,115
416,117
416,119
416,121
416,123
416,124
416,128
416,131
416,133
416,134
416,135
416,136
416,137
416,138
416,142
416,143
416,144
416,145
416,146
416,147
416,148
416,149
416,150
416,151
416,152
416,155
416,156
416,157
416,158
416,159
416,160
416,161
416,163
416,165
416,167
416,169
416,170
416,171
416,172
416,177
416,178
416,181
416,183
416,184
416,185
416,186
416,189
416,191
416,192
416,193
416,194
416,195
416,198
416,199
416,201
416,205
416,208
416,209
416,211
416,212
416,213
416,214
416,215
416,216
416,217
416,218
416,222
416,223
416,229
416,230
416,231
416,237
416,238
416,239
416,240
416,241
416,242
416,243
416,244
416,245
416,246
416,247
416,248
416,249
416,250
416,251
416,258
416,259
416,260
416,261
416,262
416,263
416,264
416,267
416,268
416,270
416,271
416,272
416,273
416,278
416,280
416,282
416,283
416,284
416,285
416,287
416,288
416,289
416,290
416,291
416,292
416,293
416,294
416,296
416,298
416,299
416,301
416,400
416,401
416,405
416,407
416,408
416,410
416,412
416,413
416,414
416,415
416,418
416,419
416,420
416,421
416,422
416,423
416,424
416,425
416,431
416,432
416,433
416,434
416,435
416,436
416,438
416,439
416,440
416,443
416,444
416,445
416,446
416,448
416,449
416,450
416,452
416,454
416,455
416,456
416,457
416,458
416,459
416,460
416,461
416,462
416,463
416,464
416,465
416,467
416,468
416,472
416,477
416,478
416,479
416,480
416,481
416,482
416,483
416,484
416,485
416,486
416,487
416,488
416,490
416,491
416,492
416,493
416,494
416,495
416,496
416,498
416,500
416,501
416,502
416,503
416,504
416,505
416,507
416,508
416,510
416,511
416,512
416,513
416,514
416,515
416,517
416,519
416,521
416,523
416,524
416,525
416,526
416,527
416,530
416,531
416,532
416,533
416,534
416,535
416,536
416,538
416,539
416,540
416,541
416,545
416,546
416,550
416,551
416,552
416,556
416,564
416,566
416,570
416,571
416,573
416,576
416,581
416,583
416,584
416,586
416,588
416,589
416,590
416,591
416,592
416,593
416,594
416,595
416,598
416,599
416,600
416,601
416,602
416,603
416,604
416,605
416,606
416,607
416,608
416,609
416,610
416,611
416,612
416,613
416,614
416,616
416,617
416,620
416,621
416,624
416,625
416,626
416,627
416,628
416,630
416,631
416,632
416,633
416,634
416,636
416,637
416,638
416,639
416,642
416,645
416,646
416,647
416,648
416,649
416,650
416,651
416,652
416,653
416,654
416,655
416,656
416,657
416,658
416,660
416,661
416,663
416,664
416,665
416,666
416,667
416,670
416,671
416,672
416,673
416,674
416,675
416,676
416,677
416,678
416,679
416,680
416,681
416,682
416,683
416,684
416,685
416,687
416,688
416,690
416,691
416,693
416,694
416,695
416,696
416,697
102,0
102,3
102,8
102,9
102,11
102,12
102,13
102,17
102,18
102,19
102,23
102,24
102,25
102,27
102,28
102,29
102,30
102,32
102,33
102,34
102,37
102,39
102,40
102,42
102,44
102,45
102,47
102,48
102,49
102,50
102,51
102,52
102,53
102,55
102,56
102,65
102,69
102,70
102,71
102,73
102,81
102,83
102,84
102,86
102,87
102,88
102,89
102,90
102,92
102,93
102,95
102,96
102,97
102,98
102,99
102,100
102,103
102,104
102,106
102,107
102,108
102,109
102,110
102,111
102,115
102,117
102,119
102,121
102,123
102,124
102,131
102,133
102,134
102,135
102,136
102,137
102,138
102,142
102,143
102,144
102,145
102,146
102,147
102,148
102,149
102,150
102,151
102,152
102,155
102,156
102,157
102,158
102,159
102,160
102,161
102,163
102,165
102,167
102,169
102,170
102,171
102,172
102,181
102,183
102,184
102,185
102,186
102,189
102,191
102,192
102,194
102,195
102,198
102,199
102,201
102,208
102,209
102,211
102,212
102,213
102,214
102,216
102,217
102,218
102,222
102,223
102,229
102,230
102,231
102,237
102,238
102,239
102,240
102,241
102,242
102,243
102,244
102,245
102,246
102,247
102,248
102,249
102,258
102,259
102,260
102,261
102,262
102,263
102,264
102,268
102,270
102,271
102,272
102,273
102,280
102,282
102,283
102,284
102,285
102,287
102,288
102,289
102,290
102,291
102,292
102,293
102,294
102,296
102,298
102,299
102,301
102,400
102,401
102,405
102,407
102,408
102,410
102,412
102,413
102,414
102,415
102,416
102,418
102,419
102,420
102,421
102,422
102,423
102,424
102,425
102,431
102,432
102,433
102,435
102,436
102,438
102,439
102,443
102,444
102,445
102,446
102,448
102,449
102,450
102,452
102,454
102,455
102,456
102,457
102,458
102,459
102,460
102,462
102,463
102,464
102,467
102,468
102,472
102,477
102,478
102,479
102,480
102,481
102,482
102,483
102,484
102,485
102,486
102,487
102,488
102,490
102,491
102,492
102,493
102,494
102,495
102,496
102,501
102,502
102,503
102,504
102,505
102,507
102,508
102,510
102,512
102,513
102,515
102,517
102,519
102,521
102,523
102,524
102,525
102,526
102,527
102,530
102,531
102,532
102,533
102,534
102,535
102,536
102,539
102,540
102,541
102,545
102,546
102,550
102,556
102,564
102,566
102,570
102,571
102,573
102,576
102,581
102,583
102,584
102,586
102,589
102,590
102,591
102,592
102,593
102,594
102,595
102,598
102,599
102,600
102,601
102,602
102,604
102,605
102,607
102,608
102,609
102,610
102,611
102,612
102,613
102,614
102,616
102,617
102,620
102,621
102,625
102,626
102,627
102,630
102,631
102,632
102,633
102,634
102,636
102,637
102,638
102,639
102,642
102,645
102,646
102,647
102,648
102,649
102,651
102,652
102,653
102,654
102,655
102,656
102,657
102,658
102,661
102,663
102,664
102,665
102,666
102,667
102,670
102,671
102,672
102,673
102,674
102,675
102,676
102,678
102,679
102,680
102,681
102,682
102,683
102,685
102,687
102,688
102,690
102,691
102,693
102,694
102,695
102,696
609,56
609,134
609,149
609,159
609,160
609,237
609,273
609,289
609,415
609,431
609,540
609,541
609,621
609,678
609,681
609,685
688,134
457,0
457,3
457,8
457,9
457,11
457,12
457,13
457,17
457,18
457,19
457,23
457,24
457,25
457,27
457,28
457,29
457,30
457,32
457,33
457,34
457,37
457,39
457,40
457,42
457,44
457,45
457,47
457,48
457,49
457,50
457,51
457,52
457,53
457,55
457,56
457,65
457,69
457,70
457,71
457,73
457,81
457,83
457,84
457,86
457,87
457,88
457,89
457,90
457,92
457,93
457,95
457,96
457,97
457,98
457,99
457,100
457,102
457,103
457,104
457,106
457,107
457,108
457,109
457,110
457,111
457,115
457,117
457,119
457,121
457,123
457,124
457,128
457,131
457,133
457,134
457,135
457,136
457,137
457,138
457,142
457,143
457,144
457,145
457,146
457,147
457,148
457,149
457,150
457,151
457,152
457,155
457,156
457,157
457,158
457,159
457,160
457,161
457,163
457,165
457,167
457,169
457,170
457,171
457,172
457,181
457,183
457,184
457,185
457,186
457,189
457,191
457,192
457,194
457,195
457,198
457,199
457,201
457,208
457,209
457,211
457,212
457,213
457,214
457,215
457,216
457,217
457,218
457,222
457,223
457,229
457,230
457,231
457,237
457,238
457,239
457,240
457,241
457,242
457,243
457,244
457,245
457,246
457,247
457,248
457,249
457,250
457,251
457,258
457,259
457,260
457,261
457,262
457,263
457,264
457,267
457,268
457,270
457,271
457,272
457,273
457,278
457,280
457,282
457,283
457,284
457,285
457,287
457,288
457,289
457,290
457,291
457,292
457,293
457,294
457,296
457,298
457,299
457,301
457,400
457,401
457,405
457,407
457,408
457,410
457,412
457,413
457,414
457,415
457,416
457,418
457,419
457,420
457,421
457,422
457,423
457,424
457,425
457,431
457,432
457,433
457,434
457,435
457,436
457,438
457,439
457,443
457,444
457,445
457,446
457,448
457,449
457,450
457,452
457,454
457,455
457,456
457,458
457,459
457,460
457,461
457,462
457,463
457,464
457,467
457,468
457,472
457,477
457,478
457,479
457,480
457,481
457,482
457,483
457,484
457,485
457,486
457,487
457,488
457,490
457,491
457,492
457,493
457,494
457,495
457,496
457,500
457,501
457,502
457,503
457,504
457,505
457,507
457,508
457,510
457,511
457,512
457,513
457,515
457,517
457,519
457,521
457,523
457,524
457,525
457,526
457,527
457,530
457,531
457,532
457,533
457,534
457,535
457,536
457,538
457,539
457,540
457,541
457,545
457,546
457,550
457,551
457,556
457,564
457,566
457,570
457,571
457,573
457,576
457,581
457,583
457,584
457,586
457,589
457,590
457,591
457,592
457,593
457,594
457,595
457,598
457,599
457,600
457,601
457,602
457,603
457,604
457,605
457,607
457,608
457,609
457,610
457,611
457,612
457,613
457,614
457,616
457,617
457,620
457,621
457,624
457,625
457,626
457,627
457,630
457,631
457,632
457,633
457,634
457,636
457,637
457,638
457,639
457,642
457,645
457,646
457,647
457,648
457,649
457,650
457,651
457,652
457,653
457,654
457,655
457,656
457,657
457,658
457,661
457,663
457,664
457,665
457,666
457,667
457,670
457,671
457,672
457,673
457,674
457,675
457,676
457,677
457,678
457,679
457,680
457,681
457,682
457,683
457,684
457,685
457,687
457,688
457,690
457,691
457,693
457,694
457,695
457,696
457,697
494,0
494,9
494,25
494,28
494,56
494,86
494,87
494,88
494,102
494,107
494,121
494,134
494,135
494,148
494,149
494,150
494,152
494,155
494,156
494,157
494,159
494,160
494,169
494,170
494,186
494,189
494,192
494,208
494,216
494,237
494,238
494,239
494,240
494,268
494,273
494,283
494,289
494,293
494,414
494,415
494,420
494,422
494,424
494,431
494,454
494,457
494,472
494,478
494,483
494,484
494,495
494,526
494,533
494,536
494,540
494,541
494,589
494,600
494,601
494,609
494,621
494,638
494,647
494,661
494,671
494,678
494,679
494,681
494,685
494,687
494,691
494,693
673,25
673,56
673,107
673,134
673,149
673,150
673,156
673,157
673,159
673,160
673,169
673,186
673,189
673,216
673,237
673,238
673,240
673,273
673,289
673,415
673,422
673,431
673,483
673,484
673,526
673,536
673,540
673,541
673,589
673,600
673,601
673,621
673,638
673,661
673,671
673,678
673,679
673,681
673,685
673,691
270,415
270,540
115,0
115,3
115,7
115,8
115,9
115,11
115,12
115,13
115,17
115,18
115,19
115,22
115,23
115,24
115,25
115,27
115,28
115,29
115,30
115,32
115,33
115,34
115,37
115,38
115,39
115,40
115,42
115,44
115,45
115,47
115,48
115,49
115,50
115,51
115,52
115,53
115,54
115,55
115,56
115,63
115,65
115,69
115,70
115,71
115,73
115,75
115,78
115,80
115,81
115,83
115,84
115,85
115,86
115,87
115,88
115,89
115,90
115,92
115,93
115,94
115,95
115,96
115,97
115,98
115,99
115,100
115,102
115,103
115,104
115,106
115,107
115,108
115,109
115,110
115,111
115,117
115,119
115,121
115,123
115,124
115,127
115,128
115,129
115,131
115,133
115,134
115,135
115,136
115,137
115,138
115,142
115,143
115,144
115,145
115,146
115,147
115,148
115,149
115,150
115,151
115,152
115,155
115,156
115,157
115,158
115,159
115,160
115,161
115,163
115,165
115,167
115,169
115,170
115,171
115,172
115,173
115,175
115,177
115,178
115,181
115,182
115,183
115,184
115,185
115,186
115,189
115,191
115,192
115,193
115,194
115,195
115,197
115,198
115,199
115,201
115,205
115,208
115,209
115,211
115,212
115,213
115,214
115,215
115,216
115,217
115,218
115,222
115,223
115,224
115,229
115,230
115,231
115,232
115,233
115,234
115,237
115,238
115,239
115,240
115,241
115,242
115,243
115,244
115,245
115,246
115,247
115,248
115,249
115,250
115,251
115,254
115,256
115,258
115,259
115,260
115,261
115,262
115,263
115,264
115,267
115,268
115,270
115,271
115,272
115,273
115,278
115,280
115,281
115,282
115,283
115,284
115,285
115,287
115,288
115,289
115,290
115,291
115,292
115,293
115,294
115,296
115,297
115,298
115,299
115,300
115,301
115,345
115,352
115,365
115,386
115,400
115,401
115,402
115,405
115,406
115,407
115,408
115,410
115,412
115,413
115,414
115,415
115,416
115,418
115,419
115,420
115,421
115,422
115,423
115,424
115,425
115,431
115,432
115,433
115,434
115,435
115,436
115,437
115,438
115,439
115,440
115,443
115,444
115,445
115,446
115,448
115,449
115,450
115,451
115,452
115,454
115,455
115,456
115,457
115,458
115,459
115,460
115,461
115,462
115,463
115,464
115,465
115,467
115,468
115,470
115,472
115,477
115,478
115,479
115,480
115,481
115,482
115,483
115,484
115,485
115,486
115,487
115,488
115,490
115,491
115,492
115,493
115,494
115,495
115,496
115,498
115,500
115,501
115,502
115,503
115,504
115,505
115,507
115,508
115,510
115,511
115,512
115,513
115,514
115,515
115,517
115,518
115,519
115,521
115,523
115,524
115,525
115,526
115,527
115,530
115,531
115,532
115,533
115,534
115,535
115,536
115,538
115,539
115,540
115,541
115,543
115,545
115,546
115,550
115,551
115,552
115,554
115,555
115,556
115,561
115,564
115,566
115,568
115,570
115,571
115,573
115,576
115,577
115,579
115,581
115,583
115,584
115,586
115,588
115,589
115,590
115,591
115,592
115,593
115,594
115,595
115,598
115,599
115,600
115,601
115,602
115,603
115,604
115,605
115,606
115,607
115,608
115,609
115,610
115,611
115,612
115,613
115,614
115,616
115,617
115,619
115,620
115,621
115,624
115,625
115,626
115,627
115,628
115,629
115,630
115,631
115,632
115,633
115,634
115,636
115,637
115,638
115,639
115,642
115,645
115,646
115,647
115,648
115,649
115,650
115,651
115,652
115,653
115,654
115,655
115,656
115,657
115,658
115,660
115,661
115,662
115,663
115,664
115,665
115,666
115,667
115,670
115,671
115,672
115,673
115,674
115,675
115,676
115,677
115,678
115,679
115,680
115,681
115,682
115,683
115,684
115,685
115,686
115,687
115,688
115,689
115,690
115,691
115,692
115,693
115,694
115,695
115,696
115,697
157,0
157,121
157,134
157,149
157,159
157,169
157,194
157,216
157,237
157,238
157,289
157,415
157,422
157,431
157,483
157,484
157,540
157,541
157,589
157,621
157,678
157,679
157,681
157,685
638,134
638,149
638,540
638,681
415,56
415,87
415,134
415,149
415,157
415,159
415,160
415,169
415,216
415,237
415,238
415,240
415,273
415,289
415,414
415,422
415,431
415,484
415,526
415,536
415,540
415,541
415,589
415,600
415,621
415,661
415,671
415,678
415,679
415,681
415,685
268,0
268,3
268,8
268,9
268,25
268,56
268,88
268,99
268,110
268,119
268,121
268,124
268,134
268,135
268,143
268,148
268,149
268,150
268,155
268,156
268,157
268,159
268,160
268,169
268,171
268,184
268,189
268,208
268,216
268,237
268,238
268,239
268,240
268,262
268,273
268,283
268,289
268,293
268,405
268,410
268,414
268,415
268,420
268,422
268,431
268,435
268,454
268,455
268,472
268,478
268,483
268,484
268,488
268,501
268,513
268,526
268,536
268,540
268,541
268,589
268,600
268,601
268,608
268,609
268,621
268,638
268,647
268,649
268,678
268,679
268,681
268,682
268,683
268,685
268,691
268,693
571,0
571,3
571,8
571,9
571,56
571,88
571,99
571,110
571,119
571,121
571,134
571,135
571,148
571,149
571,155
571,156
571,157
571,159
571,160
571,165
571,169
571,170
571,171
571,184
571,186
571,208
571,216
571,237
571,238
571,239
571,240
571,273
571,283
571,284
571,289
571,293
571,405
571,414
571,415
571,420
571,422
571,431
571,435
571,455
571,472
571,478
571,483
571,484
571,488
571,501
571,526
571,536
571,540
571,541
571,589
571,600
571,601
571,621
571,647
571,649
571,661
571,671
571,678
571,679
571,681
571,682
571,683
571,685
571,691
571,693
571,694
462,0
462,3
462,7
462,8
462,9
462,11
462,12
462,13
462,17
462,18
462,19
462,22
462,23
462,24
462,25
462,27
462,28
462,29
462,30
462,32
462,33
462,34
462,37
462,39
462,40
462,42
462,44
462,45
462,47
462,48
462,49
462,50
462,51
462,52
462,53
462,55
462,56
462,65
462,69
462,70
462,71
462,73
462,75
462,78
462,81
462,83
462,84
462,85
462,86
462,87
462,88
462,89
462,90
462,92
462,93
462,94
462,95
462,96
462,97
462,98
462,99
462,100
462,102
462,103
462,104
462,106
462,107
462,108
462,109
462,110
462,111
462,115
462,117
462,119
462,121
462,123
462,124
462,127
462,128
462,129
462,131
462,133
462,134
462,135
462,136
462,137
462,138
462,142
462,143
462,144
462,145
462,146
462,147
462,148
462,149
462,150
462,151
462,152
462,155
462,156
462,157
462,158
462,159
462,160
462,161
462,163
462,165
462,167
462,169
462,170
462,171
462,172
462,173
462,175
462,177
462,178
462,181
462,182
462,183
462,184
462,185
462,186
462,189
462,191
462,192
462,193
462,194
462,195
462,197
462,198
462,199
462,201
462,205
462,208
462,209
462,211
462,212
462,213
462,214
462,215
462,216
462,217
462,218
462,222
462,223
462,229
462,230
462,231
462,232
462,233
462,234
462,237
462,238
462,239
462,240
462,241
462,242
462,243
462,244
462,245
462,246
462,247
462,248
462,249
462,250
462,251
462,254
462,256
462,258
462,259
462,260
462,261
462,262
462,263
462,264
462,267
462,268
462,270
462,271
462,272
462,273
462,278
462,280
462,281
462,282
462,283
462,284
462,285
462,287
462,288
462,289
462,290
462,291
462,292
462,293
462,294
462,296
462,298
462,299
462,300
462,301
462,352
462,365
462,386
462,400
462,401
462,402
462,405
462,406
462,407
462,408
462,410
462,412
462,413
462,414
462,415
462,416
462,418
462,419
462,420
462,421
462,422
462,423
462,424
462,425
462,431
462,432
462,433
462,434
462,435
462,436
462,438
462,439
462,440
462,443
462,444
462,445
462,446
462,448
462,449
462,450
462,451
462,452
462,454
462,455
462,456
462,457
462,458
462,459
462,460
462,461
462,463
462,464
462,465
462,467
462,468
462,470
462,472
462,477
462,478
462,479
462,480
462,481
462,482
462,483
462,484
462,485
462,486
462,487
462,488
462,490
462,491
462,492
462,493
462,494
462,495
462,496
462,498
462,500
462,501
462,502
462,503
462,504
462,505
462,507
462,508
462,510
462,511
462,512
462,513
462,514
462,515
462,517
462,518
462,519
462,521
462,523
462,524
462,525
462,526
462,527
462,530
462,531
462,532
462,533
462,534
462,535
462,536
462,538
462,539
462,540
462,541
462,543
462,545
462,546
462,550
462,551
462,552
462,554
462,555
462,556
462,561
462,564
462,566
462,568
462,570
462,571
462,573
462,576
462,579
462,581
462,583
462,584
462,586
462,588
462,589
462,590
462,591
462,592
462,593
462,594
462,595
462,598
462,599
462,600
462,601
462,602
462,603
462,604
462,605
462,606
462,607
462,608
462,609
462,610
462,611
462,612
462,613
462,614
462,616
462,617
462,620
462,621
462,624
462,625
462,626
462,627
462,628
462,629
462,630
462,631
462,632
462,633
462,634
462,636
462,637
462,638
462,639
462,642
462,645
462,646
462,647
462,648
462,649
462,650
462,651
462,652
462,653
462,654
462,655
462,656
462,657
462,658
462,660
462,661
462,662
462,663
462,664
462,665
462,666
462,667
462,670
462,671
462,672
462,673
462,674
462,675
462,676
462,677
462,678
462,679
462,680
462,681
462,682
462,683
462,684
462,685
462,686
462,687
462,688
462,689
462,690
462,691
462,692
462,693
462,694
462,695
462,696
462,697
190,134
190,149
190,681
450,0
450,3
450,8
450,9
450,11
450,12
450,13
450,17
450,18
450,19
450,23
450,24
450,25
450,27
450,28
450,29
450,30
450,32
450,33
450,34
450,37
450,39
450,40
450,42
450,44
450,45
450,47
450,48
450,49
450,50
450,51
450,52
450,53
450,55
450,56
450,65
450,69
450,70
450,71
450,73
450,78
450,81
450,83
450,84
450,86
450,87
450,88
450,89
450,90
450,92
450,93
450,94
450,95
450,96
450,97
450,98
450,99
450,100
450,102
450,103
450,104
450,106
450,107
450,108
450,109
450,110
450,111
450,115
450,117
450,119
450,121
450,123
450,124
450,128
450,131
450,133
450,134
450,135
450,136
450,137
450,138
450,142
450,143
450,144
450,145
450,146
450,147
450,148
450,149
450,150
450,151
450,152
450,155
450,156
450,157
450,158
450,159
450,160
450,161
450,163
450,165
450,167
450,169
450,170
450,171
450,172
450,177
450,181
450,183
450,184
450,185
450,186
450,189
450,191
450,192
450,193
450,194
450,195
450,198
450,199
450,201
450,208
450,209
450,211
450,212
450,213
450,214
450,215
450,216
450,217
450,218
450,222
450,223
450,229
450,230
450,231
450,237
450,238
450,239
450,240
450,241
450,242
450,243
450,244
450,245
450,246
450,247
450,248
450,249
450,250
450,251
450,258
450,259
450,260
450,261
450,262
450,263
450,264
450,267
450,268
450,270
450,271
450,272
450,273
450,278
450,280
450,282
450,283
450,284
450,285
450,287
450,288
450,289
450,290
450,291
450,292
450,293
450,294
450,296
450,298
450,299
450,301
450,400
450,401
450,405
450,407
450,408
450,410
450,412
450,413
450,414
450,415
450,416
450,418
450,419
450,420
450,421
450,422
450,423
450,424
450,425
450,431
450,432
450,433
450,434
450,435
450,436
450,438
450,439
450,440
450,443
450,444
450,445
450,446
450,448
450,449
450,452
450,454
450,455
450,456
450,457
450,458
450,459
450,460
450,461
450,462
450,463
450,464
450,465
450,467
450,468
450,472
450,477
450,478
450,479
450,480
450,481
450,482
450,483
450,484
450,485
450,486
450,487
450,488
450,490
450,491
450,492
450,493
450,494
450,495
450,496
450,498
450,500
450,501
450,502
450,503
450,504
450,505
450,507
450,508
450,510
450,511
450,512
450,513
450,514
450,515
450,517
450,519
450,521
450,523
450,524
450,525
450,526
450,527
450,530
450,531
450,532
450,533
450,534
450,535
450,536
450,538
450,539
450,540
450,541
450,545
450,546
450,550
450,551
450,552
450,556
450,564
450,566
450,570
450,571
450,573
450,576
450,581
450,583
450,584
450,586
450,589
450,590
450,591
450,592
450,593
450,594
450,595
450,598
450,599
450,600
450,601
450,602
450,603
450,604
450,605
450,607
450,608
450,609
450,610
450,611
450,612
450,613
450,614
450,616
450,617
450,620
450,621
450,624
450,625
450,626
450,627
450,628
450,630
450,631
450,632
450,633
450,634
450,636
450,637
450,638
450,639
450,642
450,645
450,646
450,647
450,648
450,649
450,650
450,651
450,652
450,653
450,654
450,655
450,656
450,657
450,658
450,660
450,661
450,663
450,664
450,665
450,666
450,667
450,670
450,671
450,672
450,673
450,674
450,675
450,676
450,678
450,679
450,680
450,681
450,682
450,683
450,684
450,685
450,687
450,688
450,690
450,691
450,693
450,694
450,695
450,696
450,697
170,0
170,3
170,8
170,9
170,11
170,13
170,17
170,19
170,24
170,25
170,27
170,28
170,30
170,32
170,33
170,34
170,40
170,42
170,44
170,45
170,47
170,48
170,49
170,50
170,52
170,53
170,56
170,69
170,70
170,81
170,83
170,84
170,86
170,87
170,88
170,90
170,92
170,93
170,95
170,96
170,97
170,98
170,99
170,102
170,103
170,106
170,107
170,108
170,109
170,110
170,111
170,115
170,117
170,119
170,121
170,123
170,124
170,133
170,134
170,135
170,136
170,137
170,138
170,142
170,143
170,146
170,148
170,149
170,150
170,151
170,152
170,155
170,156
170,157
170,158
170,159
170,160
170,163
170,165
170,167
170,169
170,171
170,172
170,184
170,185
170,186
170,189
170,191
170,192
170,194
170,195
170,198
170,201
170,208
170,209
170,211
170,212
170,213
170,216
170,217
170,218
170,223
170,229
170,230
170,231
170,237
170,238
170,239
170,240
170,241
170,242
170,243
170,244
170,245
170,246
170,247
170,258
170,259
170,261
170,262
170,263
170,264
170,268
170,270
170,271
170,272
170,273
170,282
170,283
170,284
170,285
170,287
170,288
170,289
170,290
170,291
170,292
170,293
170,294
170,296
170,298
170,405
170,410
170,412
170,413
170,414
170,415
170,416
170,418
170,420
170,421
170,422
170,423
170,424
170,425
170,431
170,432
170,433
170,435
170,439
170,446
170,450
170,454
170,455
170,457
170,458
170,459
170,460
170,462
170,463
170,472
170,477
170,478
170,480
170,481
170,482
170,483
170,484
170,485
170,486
170,488
170,490
170,491
170,492
170,493
170,494
170,495
170,501
170,502
170,503
170,504
170,505
170,507
170,508
170,510
170,512
170,513
170,515
170,517
170,519
170,521
170,523
170,524
170,525
170,526
170,527
170,531
170,532
170,533
170,535
170,536
170,539
170,540
170,541
170,550
170,564
170,570
170,571
170,573
170,576
170,581
170,583
170,584
170,586
170,589
170,590
170,591
170,593
170,594
170,595
170,599
170,600
170,601
170,607
170,608
170,609
170,613
170,614
170,616
170,617
170,620
170,621
170,625
170,626
170,627
170,630
170,632
170,634
170,636
170,637
170,638
170,639
170,642
170,645
170,646
170,647
170,648
170,649
170,653
170,654
170,655
170,656
170,657
170,658
170,661
170,663
170,664
170,665
170,666
170,671
170,672
170,673
170,675
170,676
170,678
170,679
170,680
170,681
170,682
170,683
170,685
170,687
170,688
170,690
170,691
170,693
170,694
170,695
170,696
163,0
163,3
163,8
163,9
163,11
163,12
163,13
163,17
163,18
163,19
163,23
163,24
163,25
163,27
163,28
163,30
163,32
163,33
163,34
163,39
163,40
163,42
163,44
163,45
163,47
163,48
163,49
163,50
163,51
163,52
163,53
163,55
163,56
163,65
163,69
163,70
163,73
163,81
163,83
163,84
163,86
163,87
163,88
163,89
163,90
163,92
163,93
163,95
163,96
163,97
163,98
163,99
163,102
163,103
163,106
163,107
163,108
163,109
163,110
163,111
163,115
163,117
163,119
163,121
163,123
163,124
163,133
163,134
163,135
163,136
163,137
163,138
163,142
163,143
163,145
163,146
163,147
163,148
163,149
163,150
163,151
163,152
163,155
163,156
163,157
163,158
163,159
163,160
163,165
163,167
163,169
163,170
163,171
163,172
163,183
163,184
163,185
163,186
163,189
163,191
163,192
163,194
163,195
163,198
163,201
163,208
163,209
163,211
163,212
163,213
163,214
163,216
163,217
163,218
163,222
163,223
163,229
163,230
163,231
163,237
163,238
163,239
163,240
163,241
163,242
163,243
163,244
163,245
163,246
163,247
163,248
163,249
163,258
163,259
163,260
163,261
163,262
163,263
163,264
163,268
163,270
163,271
163,272
163,273
163,280
163,282
163,283
163,284
163,285
163,287
163,288
163,289
163,290
163,291
163,292
163,293
163,294
163,296
163,298
163,299
163,301
163,400
163,405
163,407
163,408
163,410
163,412
163,413
163,414
163,415
163,416
163,418
163,420
163,421
163,422
163,423
163,424
163,425
163,431
163,432
163,433
163,435
163,436
163,439
163,446
163,450
163,452
163,454
163,455
163,457
163,458
163,460
163,462
163,463
163,464
163,467
163,472
163,477
163,478
163,480
163,481
163,482
163,483
163,484
163,485
163,486
163,487
163,488
163,490
163,491
163,492
163,493
163,494
163,495
163,496
163,500
163,501
163,502
163,503
163,504
163,505
163,507
163,508
163,510
163,512
163,513
163,515
163,517
163,519
163,521
163,523
163,524
163,525
163,526
163,527
163,531
163,532
163,533
163,535
163,536
163,539
163,540
163,541
163,546
163,550
163,556
163,564
163,566
163,570
163,571
163,573
163,576
163,581
163,583
163,584
163,586
163,589
163,590
163,591
163,593
163,594
163,595
163,599
163,600
163,601
163,602
163,605
163,607
163,608
163,609
163,610
163,611
163,612
163,613
163,614
163,616
163,617
163,620
163,621
163,624
163,625
163,626
163,627
163,630
163,631
163,632
163,634
163,636
163,637
163,638
163,639
163,642
163,645
163,646
163,647
163,648
163,649
163,651
163,652
163,653
163,654
163,655
163,656
163,657
163,658
163,661
163,663
163,664
163,665
163,666
163,667
163,670
163,671
163,672
163,673
163,674
163,675
163,676
163,678
163,679
163,680
163,681
163,682
163,683
163,685
163,687
163,688
163,690
163,691
163,693
163,694
163,695
24,134
24,149
24,159
24,216
24,415
24,431
24,540
24,621
24,678
24,681
24,685
495,134
495,540
695,134
695,149
695,159
695,415
695,540
695,681
172,134
172,149
172,415
172,540
172,681
86,0
86,3
86,8
86,9
86,11
86,12
86,13
86,17
86,18
86,19
86,23
86,24
86,25
86,27
86,28
86,29
86,30
86,32
86,33
86,34
86,37
86,39
86,40
86,42
86,44
86,45
86,47
86,48
86,49
86,50
86,51
86,52
86,53
86,55
86,56
86,65
86,69
86,70
86,71
86,73
86,78
86,81
86,83
86,84
86,87
86,88
86,89
86,90
86,92
86,93
86,94
86,95
86,96
86,97
86,98
86,99
86,100
86,102
86,103
86,104
86,106
86,107
86,108
86,109
86,110
86,111
86,115
86,117
86,119
86,121
86,123
86,124
86,128
86,131
86,133
86,134
86,135
86,136
86,137
86,138
86,142
86,143
86,144
86,145
86,146
86,147
86,148
86,149
86,150
86,151
86,152
86,155
86,156
86,157
86,158
86,159
86,160
86,161
86,163
86,165
86,167
86,169
86,170
86,171
86,172
86,177
86,181
86,183
86,184
86,185
86,186
86,189
86,191
86,192
86,193
86,194
86,195
86,198
86,199
86,201
86,205
86,208
86,209
86,211
86,212
86,213
86,214
86,215
86,216
86,217
86,218
86,222
86,223
86,229
86,230
86,231
86,237
86,238
86,239
86,240
86,241
86,242
86,243
86,244
86,245
86,246
86,247
86,248
86,249
86,250
86,251
86,258
86,259
86,260
86,261
86,262
86,263
86,264
86,267
86,268
86,270
86,271
86,272
86,273
86,278
86,280
86,282
86,283
86,284
86,285
86,287
86,288
86,289
86,290
86,291
86,292
86,293
86,294
86,296
86,298
86,299
86,301
86,400
86,401
86,405
86,407
86,408
86,410
86,412
86,413
86,414
86,415
86,416
86,418
86,419
86,420
86,421
86,422
86,423
86,424
86,425
86,431
86,432
86,433
86,434
86,435
86,436
86,438
86,439
86,440
86,443
86,444
86,445
86,446
86,448
86,449
86,450
86,452
86,454
86,455
86,456
86,457
86,458
86,459
86,460
86,461
86,462
86,463
86,464
86,465
86,467
86,468
86,472
86,477
86,478
86,479
86,480
86,481
86,482
86,483
86,484
86,485
86,486
86,487
86,488
86,490
86,491
86,492
86,493
86,494
86,495
86,496
86,498
86,500
86,501
86,502
86,503
86,504
86,505
86,507
86,508
86,510
86,511
86,512
86,513
86,514
86,515
86,517
86,519
86,521
86,523
86,524
86,525
86,526
86,527
86,530
86,531
86,532
86,533
86,534
86,535
86,536
86,538
86,539
86,540
86,541
86,545
86,546
86,550
86,551
86,552
86,556
86,564
86,566
86,570
86,571
86,573
86,576
86,581
86,583
86,584
86,586
86,589
86,590
86,591
86,592
86,593
86,594
86,595
86,598
86,599
86,600
86,601
86,602
86,603
86,604
86,605
86,606
86,607
86,608
86,609
86,610
86,611
86,612
86,613
86,614
86,616
86,617
86,620
86,621
86,624
86,625
86,626
86,627
86,628
86,630
86,631
86,632
86,633
86,634
86,636
86,637
86,638
86,639
86,642
86,645
86,646
86,647
86,648
86,649
86,650
86,651
86,652
86,653
86,654
86,655
86,656
86,657
86,658
86,660
86,661
86,663
86,664
86,665
86,666
86,667
86,670
86,671
86,672
86,673
86,674
86,675
86,676
86,677
86,678
86,679
86,680
86,681
86,682
86,683
86,684
86,685
86,687
86,688
86,690
86,691
86,693
86,694
86,695
86,696
86,697
679,134
679,149
679,159
679,415
679,540
679,681
134,149
134,216
134,415
134,540
134,678
134,681
414,0
414,3
414,8
414,9
414,11
414,12
414,13
414,17
414,18
414,19
414,23
414,24
414,25
414,27
414,28
414,29
414,30
414,32
414,33
414,34
414,37
414,39
414,40
414,42
414,44
414,45
414,47
414,48
414,49
414,50
414,51
414,52
414,53
414,55
414,56
414,65
414,69
414,70
414,71
414,73
414,81
414,83
414,84
414,86
414,87
414,88
414,89
414,90
414,92
414,93
414,95
414,96
414,97
414,98
414,99
414,100
414,102
414,103
414,104
414,106
414,107
414,108
414,109
414,110
414,111
414,115
414,117
414,119
414,121
414,123
414,124
414,128
414,131
414,133
414,134
414,135
414,136
414,137
414,138
414,142
414,143
414,144
414,145
414,146
414,147
414,148
414,149
414,150
414,151
414,152
414,155
414,156
414,157
414,158
414,159
414,160
414,161
414,163
414,165
414,167
414,169
414,170
414,171
414,172
414,181
414,183
414,184
414,185
414,186
414,189
414,191
414,192
414,194
414,195
414,198
414,199
414,201
414,208
414,209
414,211
414,212
414,213
414,214
414,215
414,216
414,217
414,218
414,222
414,223
414,229
414,230
414,231
414,237
414,238
414,239
414,240
414,241
414,242
414,243
414,244
414,245
414,246
414,247
414,248
414,249
414,250
414,251
414,258
414,259
414,260
414,261
414,262
414,263
414,264
414,267
414,268
414,270
414,271
414,272
414,273
414,278
414,280
414,282
414,283
414,284
414,285
414,287
414,288
414,289
414,290
414,291
414,292
414,293
414,294
414,296
414,298
414,299
414,301
414,400
414,401
414,405
414,407
414,408
414,410
414,412
414,413
414,415
414,416
414,418
414,419
414,420
414,421
414,422
414,423
414,424
414,425
414,431
414,432
414,433
414,434
414,435
414,436
414,438
414,439
414,443
414,444
414,445
414,446
414,448
414,449
414,450
414,452
414,454
414,455
414,456
414,457
414,458
414,459
414,460
414,461
414,462
414,463
414,464
414,467
414,468
414,472
414,477
414,478
414,479
414,480
414,481
414,482
414,483
414,484
414,485
414,486
414,487
414,488
414,490
414,491
414,492
414,493
414,494
414,495
414,496
414,500
414,501
414,502
414,503
414,504
414,505
414,507
414,508
414,510
414,511
414,512
414,513
414,515
414,517
414,519
414,521
414,523
414,524
414,525
414,526
414,527
414,530
414,531
414,532
414,533
414,534
414,535
414,536
414,538
414,539
414,540
414,541
414,545
414,546
414,550
414,551
414,556
414,564
414,566
414,570
414,571
414,573
414,576
414,581
414,583
414,584
414,586
414,589
414,590
414,591
414,592
414,593
414,594
414,595
414,598
414,599
414,600
414,601
414,602
414,603
414,604
414,605
414,607
414,608
414,609
414,610
414,611
414,612
414,613
414,614
414,616
414,617
414,620
414,621
414,624
414,625
414,626
414,627
414,630
414,631
414,632
414,633
414,634
414,636
414,637
414,638
414,639
414,642
414,645
414,646
414,647
414,648
414,649
414,650
414,651
414,652
414,653
414,654
414,655
414,656
414,657
414,658
414,661
414,663
414,664
414,665
414,666
414,667
414,670
414,671
414,672
414,673
414,674
414,675
414,676
414,677
414,678
414,679
414,680
414,681
414,682
414,683
414,684
414,685
414,687
414,688
414,690
414,691
414,693
414,694
414,695
414,696
414,697
497,0
497,3
497,8
497,9
497,11
497,13
497,17
497,25
497,28
497,30
497,32
497,33
497,34
497,40
497,44
497,45
497,50
497,56
497,69
497,83
497,86
497,87
497,88
497,90
497,92
497,93
497,96
497,97
497,98
497,99
497,102
497,103
497,106
497,107
497,109
497,110
497,115
497,117
497,119
497,121
497,123
497,124
497,133
497,134
497,135
497,138
497,142
497,143
497,146
497,148
497,149
497,150
497,151
497,152
497,155
497,156
497,157
497,158
497,159
497,160
497,165
497,167
497,169
497,170
497,171
497,172
497,184
497,185
497,186
497,189
497,194
497,195
497,198
497,201
497,208
497,211
497,213
497,216
497,237
497,238
497,239
497,240
497,241
497,243
497,246
497,247
497,258
497,259
497,261
497,262
497,263
497,264
497,271
497,272
497,273
497,283
497,284
497,285
497,287
497,289
497,290
497,291
497,292
497,293
497,294
497,296
497,298
497,405
497,410
497,413
497,414
497,415
497,416
497,420
497,421
497,422
497,424
497,425
497,431
497,432
497,435
497,439
497,446
497,455
497,457
497,458
497,472
497,477
497,478
497,481
497,483
497,484
497,485
497,488
497,492
497,493
497,494
497,501
497,503
497,504
497,507
497,510
497,513
497,515
497,517
497,521
497,524
497,525
497,526
497,531
497,533
497,535
497,536
497,540
497,541
497,550
497,564
497,570
497,573
497,581
497,583
497,586
497,589
497,590
497,591
497,594
497,595
497,600
497,601
497,608
497,609
497,613
497,614
497,620
497,621
497,632
497,634
497,638
497,639
497,642
497,645
497,646
497,647
497,648
497,649
497,654
497,655
497,656
497,657
497,661
497,663
497,664
497,665
497,671
497,675
497,678
497,679
497,681
497,682
497,683
497,685
497,690
497,691
497,693
497,694
91,149
215,134
215,149
215,540
215,681
209,415
209,540
149,25
149,28
149,56
149,86
149,87
149,92
149,102
149,107
149,115
149,134
149,148
149,150
149,152
149,155
149,156
149,157
149,159
149,160
149,169
149,170
149,186
149,189
149,194
149,216
149,237
149,238
149,240
149,272
149,273
149,289
149,414
149,415
149,420
149,422
149,424
149,431
149,454
149,457
149,472
149,478
149,483
149,484
149,526
149,536
149,540
149,541
149,589
149,590
149,600
149,601
149,609
149,621
149,657
149,661
149,671
149,673
149,678
149,679
149,681
149,685
149,691
420,134
420,149
420,159
420,415
420,478
420,540
156,0
156,3
156,8
156,9
156,11
156,12
156,13
156,17
156,18
156,19
156,23
156,24
156,25
156,27
156,28
156,30
156,32
156,33
156,34
156,39
156,40
156,42
156,44
156,45
156,47
156,48
156,49
156,50
156,51
156,52
156,53
156,55
156,56
156,65
156,69
156,70
156,73
156,81
156,83
156,84
156,86
156,87
156,88
156,89
156,90
156,92
156,93
156,95
156,96
156,97
156,98
156,99
156,102
156,103
156,106
156,107
156,108
156,109
156,110
156,111
156,115
156,117
156,119
156,121
156,123
156,124
156,133
156,134
156,135
156,136
156,137
156,138
156,142
156,143
156,145
156,146
156,147
156,148
156,149
156,150
156,151
156,152
156,155
156,157
156,158
156,159
156,160
156,163
156,165
156,167
156,169
156,170
156,171
156,172
156,183
156,184
156,185
156,186
156,189
156,191
156,192
156,194
156,195
156,198
156,201
156,208
156,209
156,211
156,212
156,213
156,214
156,215
156,216
156,217
156,218
156,222
156,223
156,229
156,230
156,231
156,237
156,238
156,239
156,240
156,241
156,242
156,243
156,244
156,245
156,246
156,247
156,248
156,249
156,258
156,259
156,261
156,262
156,263
156,264
156,268
156,270
156,271
156,272
156,273
156,280
156,282
156,283
156,284
156,285
156,287
156,288
156,289
156,290
156,291
156,292
156,293
156,294
156,296
156,298
156,299
156,301
156,400
156,405
156,407
156,408
156,410
156,412
156,413
156,414
156,415
156,416
156,418
156,420
156,421
156,422
156,423
156,424
156,425
156,431
156,432
156,433
156,435
156,436
156,439
156,446
156,450
156,452
156,454
156,455
156,457
156,458
156,459
156,460
156,461
156,462
156,463
156,464
156,467
156,472
156,477
156,478
156,480
156,481
156,482
156,483
156,484
156,485
156,486
156,487
156,488
156,490
156,491
156,492
156,493
156,494
156,495
156,496
156,500
156,501
156,502
156,503
156,504
156,505
156,507
156,508
156,510
156,512
156,513
156,515
156,517
156,519
156,521
156,523
156,524
156,525
156,526
156,527
156,531
156,532
156,533
156,535
156,536
156,539
156,540
156,541
156,546
156,550
156,556
156,564
156,566
156,570
156,571
156,573
156,576
156,581
156,583
156,584
156,586
156,589
156,590
156,591
156,593
156,594
156,595
156,599
156,600
156,601
156,602
156,603
156,605
156,607
156,608
156,609
156,610
156,611
156,612
156,613
156,614
156,616
156,617
156,620
156,621
156,624
156,625
156,626
156,627
156,630
156,631
156,632
156,634
156,636
156,637
156,638
156,639
156,642
156,645
156,646
156,647
156,648
156,649
156,651
156,652
156,653
156,654
156,655
156,656
156,657
156,658
156,661
156,663
156,664
156,665
156,666
156,667
156,670
156,671
156,672
156,673
156,674
156,675
156,676
156,678
156,679
156,680
156,681
156,682
156,683
156,685
156,687
156,688
156,690
156,691
156,693
156,694
156,695
156,696
25,56
25,102
25,121
25,134
25,148
25,149
25,157
25,159
25,160
25,169
25,170
25,216
25,237
25,238
25,240
25,273
25,283
25,289
25,414
25,415
25,420
25,422
25,431
25,478
25,484
25,536
25,540
25,541
25,589
25,600
25,601
25,621
25,638
25,678
25,679
25,681
25,685
25,691
472,0
472,3
472,8
472,9
472,11
472,25
472,28
472,33
472,56
472,86
472,87
472,88
472,97
472,99
472,102
472,107
472,110
472,115
472,119
472,121
472,123
472,124
472,134
472,135
472,142
472,143
472,148
472,149
472,150
472,152
472,155
472,156
472,157
472,159
472,160
472,165
472,167
472,169
472,170
472,171
472,184
472,185
472,186
472,189
472,194
472,201
472,208
472,211
472,216
472,237
472,238
472,239
472,240
472,241
472,243
472,246
472,262
472,273
472,283
472,284
472,289
472,293
472,296
472,405
472,410
472,413
472,414
472,415
472,420
472,421
472,422
472,424
472,431
472,435
472,439
472,454
472,455
472,457
472,458
472,478
472,483
472,484
472,485
472,488
472,493
472,494
472,495
472,501
472,513
472,521
472,526
472,533
472,536
472,540
472,541
472,550
472,573
472,583
472,589
472,600
472,601
472,608
472,609
472,614
472,617
472,621
472,638
472,647
472,649
472,657
472,661
472,663
472,671
472,678
472,679
472,681
472,682
472,683
472,685
472,691
472,693
472,694
541,134
541,149
541,159
541,415
541,540
541,678
541,681
591,0
591,3
591,8
591,9
591,11
591,12
591,13
591,17
591,18
591,19
591,22
591,23
591,24
591,25
591,27
591,28
591,29
591,30
591,32
591,33
591,34
591,37
591,39
591,40
591,42
591,44
591,45
591,47
591,48
591,49
591,50
591,51
591,52
591,53
591,55
591,56
591,65
591,69
591,70
591,71
591,73
591,78
591,81
591,83
591,84
591,86
591,87
591,88
591,89
591,90
591,92
591,93
591,94
591,95
591,96
591,97
591,98
591,99
591,100
591,102
591,103
591,104
591,106
591,107
591,108
591,109
591,110
591,111
591,115
591,117
591,119
591,121
591,123
591,124
591,127
591,128
591,131
591,133
591,134
591,135
591,136
591,137
591,138
591,142
591,143
591,144
591,145
591,146
591,147
591,148
591,149
591,150
591,151
591,152
591,155
591,156
591,157
591,158
591,159
591,160
591,161
591,163
591,165
591,167
591,169
591,170
591,171
591,172
591,173
591,177
591,178
591,181
591,183
591,184
591,185
591,186
591,189
591,191
591,192
591,193
591,194
591,195
591,198
591,199
591,201
591,205
591,208
591,209
591,211
591,212
591,213
591,214
591,215
591,216
591,217
591,218
591,222
591,223
591,229
591,230
591,231
591,237
591,238
591,239
591,240
591,241
591,242
591,243
591,244
591,245
591,246
591,247
591,248
591,249
591,250
591,251
591,258
591,259
591,260
591,261
591,262
591,263
591,264
591,267
591,268
591,270
591,271
591,272
591,273
591,278
591,280
591,281
591,282
591,283
591,284
591,285
591,287
591,288
591,289
591,290
591,291
591,292
591,293
591,294
591,296
591,298
591,299
591,301
591,400
591,401
591,402
591,405
591,407
591,408
591,410
591,412
591,413
591,414
591,415
591,416
591,418
591,419
591,420
591,421
591,422
591,423
591,424
591,425
591,431
591,432
591,433
591,434
591,435
591,436
591,438
591,439
591,440
591,443
591,444
591,445
591,446
591,448
591,449
591,450
591,451
591,452
591,454
591,455
591,456
591,457
591,458
591,459
591,460
591,461
591,462
591,463
591,464
591,465
591,467
591,468
591,472
591,477
591,478
591,479
591,480
591,481
591,482
591,483
591,484
591,485
591,486
591,487
591,488
591,490
591,491
591,492
591,493
591,494
591,495
591,496
591,498
591,500
591,501
591,502
591,503
591,504
591,505
591,507
591,508
591,510
591,511
591,512
591,513
591,514
591,515
591,517
591,519
591,521
591,523
591,524
591,525
591,526
591,527
591,530
591,531
591,532
591,533
591,534
591,535
591,536
591,538
591,539
591,540
591,541
591,545
591,546
591,550
591,551
591,552
591,555
591,556
591,561
591,564
591,566
591,570
591,571
591,573
591,576
591,581
591,583
591,584
591,586
591,588
591,589
591,590
591,592
591,593
591,594
591,595
591,598
591,599
591,600
591,601
591,602
591,603
591,604
591,605
591,606
591,607
591,608
591,609
591,610
591,611
591,612
591,613
591,614
591,616
591,617
591,620
591,621
591,624
591,625
591,626
591,627
591,628
591,630
591,631
591,632
591,633
591,634
591,636
591,637
591,638
591,639
591,642
591,645
591,646
591,647
591,648
591,649
591,650
591,651
591,652
591,653
591,654
591,655
591,656
591,657
591,658
591,660
591,661
591,663
591,664
591,665
591,666
591,667
591,670
591,671
591,672
591,673
591,674
591,675
591,676
591,677
591,678
591,679
591,680
591,681
591,682
591,683
591,684
591,685
591,687
591,688
591,690
591,691
591,693
591,694
591,695
591,696
591,697
618,134
618,149
618,681
92,0
92,3
92,7
92,8
92,9
92,11
92,12
92,13
92,17
92,18
92,19
92,22
92,23
92,24
92,25
92,27
92,28
92,29
92,30
92,32
92,33
92,34
92,37
92,38
92,39
92,40
92,42
92,44
92,45
92,47
92,48
92,49
92,50
92,51
92,52
92,53
92,54
92,55
92,56
92,63
92,65
92,69
92,70
92,71
92,73
92,75
92,77
92,78
92,80
92,81
92,83
92,84
92,85
92,86
92,87
92,88
92,89
92,90
92,93
92,94
92,95
92,96
92,97
92,98
92,99
92,100
92,102
92,103
92,104
92,106
92,107
92,108
92,109
92,110
92,111
92,115
92,117
92,119
92,121
92,123
92,124
92,127
92,128
92,129
92,131
92,133
92,134
92,135
92,136
92,137
92,138
92,142
92,143
92,144
92,145
92,146
92,147
92,148
92,149
92,150
92,151
92,152
92,155
92,156
92,157
92,158
92,159
92,160
92,161
92,163
92,164
92,165
92,167
92,169
92,170
92,171
92,172
92,173
92,175
92,177
92,178
92,181
92,182
92,183
92,184
92,185
92,186
92,189
92,191
92,192
92,193
92,194
92,195
92,197
92,198
92,199
92,201
92,205
92,208
92,209
92,211
92,212
92,213
92,214
92,215
92,216
92,217
92,218
92,222
92,223
92,224
92,229
92,230
92,231
92,232
92,233
92,234
92,237
92,238
92,239
92,240
92,241
92,242
92,243
92,244
92,245
92,246
92,247
92,248
92,249
92,250
92,251
92,254
92,256
92,258
92,259
92,260
92,261
92,262
92,263
92,264
92,267
92,268
92,270
92,271
92,272
92,273
92,278
92,280
92,281
92,282
92,283
92,284
92,285
92,287
92,288
92,289
92,290
92,291
92,292
92,293
92,294
92,296
92,297
92,298
92,299
92,300
92,301
92,345
92,352
92,365
92,386
92,400
92,401
92,402
92,405
92,406
92,407
92,408
92,410
92,412
92,413
92,414
92,415
92,416
92,418
92,419
92,420
92,421
92,422
92,423
92,424
92,425
92,431
92,432
92,433
92,434
92,435
92,436
92,437
92,438
92,439
92,440
92,443
92,444
92,445
92,446
92,448
92,449
92,450
92,451
92,452
92,454
92,455
92,456
92,457
92,458
92,459
92,460
92,461
92,462
92,463
92,464
92,465
92,467
92,468
92,470
92,472
92,477
92,478
92,479
92,480
92,481
92,482
92,483
92,484
92,485
92,486
92,487
92,488
92,490
92,491
92,492
92,493
92,494
92,495
92,496
92,498
92,500
92,501
92,502
92,503
92,504
92,505
92,507
92,508
92,510
92,511
92,512
92,513
92,514
92,515
92,517
92,518
92,519
92,521
92,523
92,524
92,525
92,526
92,527
92,530
92,531
92,532
92,533
92,534
92,535
92,536
92,538
92,539
92,540
92,541
92,543
92,545
92,546
92,550
92,551
92,552
92,554
92,555
92,556
92,561
92,564
92,566
92,568
92,570
92,571
92,573
92,576
92,577
92,579
92,581
92,583
92,584
92,586
92,588
92,589
92,590
92,591
92,592
92,593
92,594
92,595
92,598
92,599
92,600
92,601
92,602
92,603
92,604
92,605
92,606
92,607
92,608
92,609
92,610
92,611
92,612
92,613
92,614
92,616
92,617
92,619
92,620
92,621
92,624
92,625
92,626
92,627
92,628
92,629
92,630
92,631
92,632
92,633
92,634
92,636
92,637
92,638
92,639
92,642
92,645
92,646
92,647
92,648
92,649
92,650
92,651
92,652
92,653
92,654
92,655
92,656
92,657
92,658
92,660
92,661
92,662
92,663
92,664
92,665
92,666
92,667
92,670
92,671
92,672
92,673
92,674
92,675
92,676
92,677
92,678
92,679
92,680
92,681
92,682
92,683
92,684
92,685
92,686
92,687
92,688
92,689
92,690
92,691
92,692
92,693
92,694
92,695
92,696
92,697
696,134
240,0
240,8
240,9
240,56
240,88
240,121
240,134
240,135
240,143
240,148
240,149
240,159
240,160
240,169
240,208
240,216
240,237
240,239
240,273
240,283
240,289
240,293
240,415
240,422
240,431
240,478
240,483
240,484
240,540
240,541
240,589
240,601
240,621
240,647
240,649
240,678
240,679
240,681
240,685
240,691
240,693
168,134
168,149
168,216
168,415
168,540
168,678
168,681
152,0
152,3
152,8
152,9
152,11
152,13
152,17
152,18
152,19
152,24
152,25
152,27
152,28
152,30
152,32
152,33
152,34
152,40
152,42
152,44
152,45
152,47
152,48
152,49
152,50
152,52
152,53
152,55
152,56
152,69
152,70
152,81
152,83
152,84
152,86
152,87
152,88
152,90
152,92
152,93
152,95
152,96
152,97
152,98
152,99
152,102
152,103
152,106
152,107
152,108
152,109
152,110
152,111
152,115
152,117
152,119
152,121
152,123
152,124
152,133
152,134
152,135
152,136
152,137
152,138
152,142
152,143
152,146
152,148
152,149
152,150
152,151
152,155
152,156
152,157
152,158
152,159
152,160
152,165
152,167
152,169
152,170
152,171
152,172
152,184
152,185
152,186
152,189
152,191
152,192
152,194
152,195
152,198
152,201
152,208
152,209
152,211
152,212
152,213
152,214
152,216
152,217
152,218
152,222
152,223
152,229
152,230
152,231
152,237
152,238
152,239
152,240
152,241
152,242
152,243
152,244
152,245
152,246
152,247
152,248
152,258
152,259
152,261
152,262
152,263
152,264
152,268
152,270
152,271
152,272
152,273
152,280
152,282
152,283
152,284
152,285
152,287
152,288
152,289
152,290
152,291
152,292
152,293
152,294
152,296
152,298
152,299
152,405
152,410
152,412
152,413
152,414
152,415
152,416
152,418
152,420
152,421
152,422
152,423
152,424
152,425
152,431
152,432
152,433
152,435
152,439
152,446
152,450
152,454
152,455
152,457
152,458
152,459
152,460
152,461
152,462
152,463
152,472
152,477
152,478
152,480
152,481
152,482
152,483
152,484
152,485
152,486
152,488
152,490
152,491
152,492
152,493
152,494
152,495
152,501
152,502
152,503
152,504
152,505
152,507
152,508
152,510
152,512
152,513
152,515
152,517
152,519
152,521
152,523
152,524
152,525
152,526
152,527
152,531
152,532
152,533
152,535
152,536
152,538
152,539
152,540
152,541
152,550
152,564
152,570
152,571
152,573
152,576
152,581
152,583
152,584
152,586
152,589
152,590
152,591
152,593
152,594
152,595
152,599
152,600
152,601
152,607
152,608
152,609
152,613
152,614
152,616
152,617
152,620
152,621
152,624
152,625
152,626
152,627
152,630
152,632
152,634
152,636
152,637
152,638
152,639
152,642
152,645
152,646
152,647
152,648
152,649
152,653
152,654
152,655
152,656
152,657
152,658
152,661
152,663
152,664
152,665
152,666
152,671
152,672
152,673
152,675
152,676
152,677
152,678
152,679
152,680
152,681
152,682
152,683
152,685
152,687
152,688
152,690
152,691
152,693
152,694
152,695
152,696
677,134
677,149
677,159
677,415
677,540
677,678
677,681
481,134
481,149
481,159
481,289
481,415
481,422
481,540
481,678
481,681
481,685
266,134
266,149
266,159
266,273
266,415
266,431
266,540
266,541
266,678
266,681
627,0
627,25
627,28
627,56
627,86
627,87
627,92
627,102
627,107
627,115
627,121
627,134
627,148
627,149
627,150
627,152
627,155
627,156
627,157
627,159
627,160
627,169
627,170
627,186
627,189
627,194
627,216
627,237
627,238
627,240
627,273
627,283
627,289
627,414
627,415
627,416
627,420
627,422
627,424
627,431
627,454
627,457
627,472
627,478
627,484
627,494
627,526
627,533
627,536
627,540
627,541
627,589
627,590
627,591
627,600
627,601
627,609
627,617
627,621
627,638
627,661
627,671
627,673
627,678
627,679
627,681
627,685
627,691
627,695
617,0
617,3
617,8
617,9
617,11
617,12
617,13
617,17
617,18
617,19
617,23
617,24
617,25
617,27
617,28
617,29
617,30
617,32
617,33
617,34
617,37
617,39
617,40
617,42
617,44
617,45
617,47
617,48
617,49
617,50
617,51
617,52
617,53
617,55
617,56
617,65
617,69
617,70
617,71
617,73
617,78
617,81
617,83
617,84
617,86
617,87
617,88
617,89
617,90
617,92
617,93
617,95
617,96
617,97
617,98
617,99
617,100
617,102
617,103
617,104
617,106
617,107
617,108
617,109
617,110
617,111
617,115
617,117
617,119
617,121
617,123
617,124
617,128
617,131
617,133
617,134
617,135
617,136
617,137
617,138
617,142
617,143
617,144
617,145
617,146
617,147
617,148
617,149
617,150
617,151
617,152
617,155
617,156
617,157
617,158
617,159
617,160
617,161
617,163
617,165
617,167
617,169
617,170
617,171
617,172
617,177
617,181
617,183
617,184
617,185
617,186
617,189
617,191
617,192
617,193
617,194
617,195
617,198
617,199
617,201
617,205
617,208
617,209
617,211
617,212
617,213
617,214
617,215
617,216
617,217
617,218
617,222
617,223
617,229
617,230
617,231
617,237
617,238
617,239
617,240
617,241
617,242
617,243
617,244
617,245
617,246
617,247
617,248
617,249
617,250
617,251
617,258
617,259
617,260
617,261
617,262
617,263
617,264
617,267
617,268
617,270
617,271
617,272
617,273
617,278
617,280
617,281
617,282
617,283
617,284
617,285
617,287
617,288
617,289
617,290
617,291
617,292
617,293
617,294
617,296
617,298
617,299
617,301
617,400
617,401
617,405
617,407
617,408
617,410
617,412
617,413
617,414
617,415
617,416
617,418
617,419
617,420
617,421
617,422
617,423
617,424
617,425
617,431
617,432
617,433
617,434
617,435
617,436
617,438
617,439
617,440
617,443
617,444
617,445
617,446
617,448
617,449
617,450
617,452
617,454
617,455
617,456
617,457
617,458
617,459
617,460
617,461
617,462
617,463
617,464
617,467
617,468
617,472
617,477
617,478
617,479
617,480
617,481
617,482
617,483
617,484
617,485
617,486
617,487
617,488
617,490
617,491
617,492
617,493
617,494
617,495
617,496
617,500
617,501
617,502
617,503
617,504
617,505
617,507
617,508
617,510
617,511
617,512
617,513
617,514
617,515
617,517
617,519
617,521
617,523
617,524
617,525
617,526
617,527
617,530
617,531
617,532
617,533
617,534
617,535
617,536
617,538
617,539
617,540
617,541
617,545
617,546
617,550
617,551
617,552
617,556
617,564
617,566
617,570
617,571
617,573
617,576
617,581
617,583
617,584
617,586
617,589
617,590
617,591
617,592
617,593
617,594
617,595
617,598
617,599
617,600
617,601
617,602
617,603
617,604
617,605
617,607
617,608
617,609
617,610
617,611
617,612
617,613
617,614
617,616
617,620
617,621
617,624
617,625
617,626
617,627
617,628
617,630
617,631
617,632
617,633
617,634
617,636
617,637
617,638
617,639
617,642
617,645
617,646
617,647
617,648
617,649
617,650
617,651
617,652
617,653
617,654
617,655
617,656
617,657
617,658
617,660
617,661
617,663
617,664
617,665
617,666
617,667
617,670
617,671
617,672
617,673
617,674
617,675
617,676
617,677
617,678
617,679
617,680
617,681
617,682
617,683
617,684
617,685
617,687
617,688
617,690
617,691
617,693
617,694
617,695
617,696
617,697
600,0
600,3
600,8
600,9
600,11
600,12
600,13
600,17
600,18
600,19
600,23
600,24
600,25
600,27
600,28
600,29
600,30
600,32
600,33
600,34
600,37
600,39
600,40
600,42
600,44
600,45
600,47
600,48
600,49
600,50
600,51
600,52
600,53
600,55
600,56
600,65
600,69
600,70
600,71
600,73
600,78
600,81
600,83
600,84
600,86
600,87
600,88
600,89
600,90
600,92
600,93
600,94
600,95
600,96
600,97
600,98
600,99
600,100
600,102
600,103
600,104
600,106
600,107
600,108
600,109
600,110
600,111
600,115
600,117
600,119
600,121
600,123
600,124
600,128
600,131
600,133
600,134
600,135
600,136
600,137
600,138
600,142
600,143
600,144
600,145
600,146
600,147
600,148
600,149
600,150
600,151
600,152
600,155
600,156
600,157
600,158
600,159
600,160
600,161
600,163
600,165
600,167
600,169
600,170
600,171
600,172
600,177
600,178
600,181
600,183
600,184
600,185
600,186
600,189
600,191
600,192
600,193
600,194
600,195
600,198
600,199
600,201
600,205
600,208
600,209
600,211
600,212
600,213
600,214
600,215
600,216
600,217
600,218
600,222
600,223
600,229
600,230
600,231
600,237
600,238
600,239
600,240
600,241
600,242
600,243
600,244
600,245
600,246
600,247
600,248
600,249
600,250
600,251
600,258
600,259
600,260
600,261
600,262
600,263
600,264
600,267
600,268
600,270
600,271
600,272
600,273
600,278
600,280
600,282
600,283
600,284
600,285
600,287
600,288
600,289
600,290
600,291
600,292
600,293
600,294
600,296
600,298
600,299
600,301
600,400
600,401
600,405
600,407
600,408
600,410
600,412
600,413
600,414
600,415
600,416
600,418
600,419
600,420
600,421
600,422
600,423
600,424
600,425
600,431
600,432
600,433
600,434
600,435
600,436
600,438
600,439
600,440
600,443
600,444
600,445
600,446
600,448
600,449
600,450
600,452
600,454
600,455
600,456
600,457
600,458
600,459
600,460
600,461
600,462
600,463
600,464
600,465
600,467
600,468
600,472
600,477
600,478
600,479
600,480
600,481
600,482
600,483
600,484
600,485
600,486
600,487
600,488
600,490
600,491
600,492
600,493
600,494
600,495
600,496
600,498
600,500
600,501
600,502
600,503
600,504
600,505
600,507
600,508
600,510
600,511
600,512
600,513
600,514
600,515
600,517
600,519
600,521
600,523
600,524
600,525
600,526
600,527
600,530
600,531
600,532
600,533
600,534
600,535
600,536
600,538
600,539
600,540
600,541
600,545
600,546
600,550
600,551
600,552
600,556
600,564
600,566
600,570
600,571
600,573
600,576
600,581
600,583
600,584
600,586
600,588
600,589
600,590
600,591
600,592
600,593
600,594
600,595
600,598
600,599
600,601
600,602
600,603
600,604
600,605
600,606
600,607
600,608
600,609
600,610
600,611
600,612
600,613
600,614
600,616
600,617
600,620
600,621
600,624
600,625
600,626
600,627
600,628
600,630
600,631
600,632
600,633
600,634
600,636
600,637
600,638
600,639
600,642
600,645
600,646
600,647
600,648
600,649
600,650
600,651
600,652
600,653
600,654
600,655
600,656
600,657
600,658
600,660
600,661
600,663
600,664
600,665
600,666
600,667
600,670
600,671
600,672
600,673
600,674
600,675
600,676
600,677
600,678
600,679
600,680
600,681
600,682
600,683
600,684
600,685
600,687
600,688
600,690
600,691
600,693
600,694
600,695
600,696
600,697
173,134
173,149
173,159
173,415
173,431
173,540
173,678
173,681
483,134
483,149
483,159
483,415
483,540
483,678
483,681
461,134
461,540
274,134
274,149
274,159
274,415
274,540
274,678
274,681
491,0
491,3
491,8
491,9
491,11
491,13
491,17
491,25
491,30
491,32
491,33
491,34
491,40
491,42
491,44
491,45
491,47
491,48
491,49
491,50
491,52
491,53
491,55
491,56
491,69
491,70
491,81
491,83
491,84
491,88
491,90
491,93
491,95
491,96
491,97
491,98
491,99
491,102
491,103
491,106
491,107
491,108
491,109
491,110
491,111
491,117
491,119
491,121
491,123
491,124
491,133
491,134
491,135
491,136
491,137
491,138
491,142
491,143
491,146
491,148
491,149
491,150
491,151
491,152
491,155
491,156
491,157
491,158
491,159
491,160
491,165
491,167
491,169
491,170
491,171
491,184
491,185
491,186
491,189
491,194
491,195
491,198
491,201
491,208
491,211
491,212
491,213
491,216
491,217
491,218
491,222
491,223
491,230
491,231
491,237
491,238
491,239
491,240
491,241
491,242
491,243
491,244
491,245
491,246
491,247
491,248
491,258
491,259
491,261
491,262
491,263
491,264
491,271
491,273
491,282
491,283
491,284
491,285
491,287
491,288
491,289
491,290
491,291
491,292
491,293
491,294
491,296
491,298
491,405
491,410
491,412
491,413
491,414
491,415
491,418
491,420
491,421
491,422
491,423
491,425
491,431
491,432
491,433
491,435
491,439
491,446
491,454
491,455
491,457
491,458
491,460
491,463
491,472
491,477
491,478
491,480
491,481
491,482
491,483
491,484
491,485
491,486
491,488
491,492
491,493
491,495
491,501
491,502
491,503
491,504
491,505
491,507
491,508
491,510
491,512
491,513
491,515
491,517
491,519
491,521
491,523
491,524
491,525
491,526
491,527
491,531
491,532
491,535
491,536
491,540
491,541
491,550
491,564
491,570
491,573
491,576
491,581
491,583
491,584
491,586
491,589
491,593
491,594
491,595
491,599
491,600
491,601
491,607
491,608
491,609
491,613
491,614
491,616
491,620
491,621
491,630
491,632
491,634
491,636
491,637
491,638
491,639
491,642
491,645
491,646
491,647
491,648
491,649
491,653
491,654
491,655
491,656
491,657
491,658
491,661
491,663
491,664
491,665
491,666
491,671
491,672
491,673
491,675
491,676
491,678
491,679
491,680
491,681
491,682
491,683
491,685
491,687
491,690
491,691
491,693
491,694
189,56
189,134
189,149
189,157
189,159
189,169
189,216
189,237
189,238
189,273
189,289
189,415
189,422
189,431
189,484
189,540
189,541
189,589
189,621
189,678
189,679
189,681
189,685
155,0
155,3
155,8
155,9
155,11
155,12
155,13
155,17
155,18
155,19
155,23
155,24
155,25
155,27
155,28
155,29
155,30
155,32
155,33
155,34
155,37
155,39
155,40
155,42
155,44
155,45
155,47
155,48
155,49
155,50
155,51
155,52
155,53
155,55
155,56
155,65
155,69
155,70
155,71
155,73
155,81
155,83
155,84
155,86
155,87
155,88
155,89
155,90
155,92
155,93
155,95
155,96
155,97
155,98
155,99
155,100
155,102
155,103
155,104
155,106
155,107
155,108
155,109
155,110
155,111
155,115
155,117
155,119
155,121
155,123
155,124
155,131
155,133
155,134
155,135
155,136
155,137
155,138
155,142
155,143
155,144
155,145
155,146
155,147
155,148
155,149
155,150
155,151
155,152
155,156
155,157
155,158
155,159
155,160
155,161
155,163
155,165
155,167
155,169
155,170
155,171
155,172
155,181
155,183
155,184
155,185
155,186
155,189
155,191
155,192
155,194
155,195
155,198
155,199
155,201
155,208
155,209
155,211
155,212
155,213
155,214
155,215
155,216
155,217
155,218
155,222
155,223
155,229
155,230
155,231
155,237
155,238
155,239
155,240
155,241
155,242
155,243
155,244
155,245
155,246
155,247
155,248
155,249
155,258
155,259
155,260
155,261
155,262
155,263
155,264
155,268
155,270
155,271
155,272
155,273
155,280
155,282
155,283
155,284
155,285
155,287
155,288
155,289
155,290
155,291
155,292
155,293
155,294
155,296
155,298
155,299
155,301
155,400
155,401
155,405
155,407
155,408
155,410
155,412
155,413
155,414
155,415
155,416
155,418
155,419
155,420
155,421
155,422
155,423
155,424
155,425
155,431
155,432
155,433
155,435
155,436
155,438
155,439
155,443
155,444
155,445
155,446
155,448
155,449
155,450
155,452
155,454
155,455
155,456
155,457
155,458
155,459
155,460
155,461
155,462
155,463
155,464
155,467
155,468
155,472
155,477
155,478
155,479
155,480
155,481
155,482
155,483
155,484
155,485
155,486
155,487
155,488
155,490
155,491
155,492
155,493
155,494
155,495
155,496
155,500
155,501
155,502
155,503
155,504
155,505
155,507
155,508
155,510
155,512
155,513
155,515
155,517
155,519
155,521
155,523
155,524
155,525
155,526
155,527
155,530
155,531
155,532
155,533
155,534
155,535
155,536
155,539
155,540
155,541
155,545
155,546
155,550
155,556
155,564
155,566
155,570
155,571
155,573
155,576
155,581
155,583
155,584
155,586
155,589
155,590
155,591
155,593
155,594
155,595
155,598
155,599
155,600
155,601
155,602
155,603
155,604
155,605
155,607
155,608
155,609
155,610
155,611
155,612
155,613
155,614
155,616
155,617
155,620
155,621
155,624
155,625
155,626
155,627
155,630
155,631
155,632
155,633
155,634
155,636
155,637
155,638
155,639
155,642
155,645
155,646
155,647
155,648
155,649
155,651
155,652
155,653
155,654
155,655
155,656
155,657
155,658
155,661
155,663
155,664
155,665
155,666
155,667
155,670
155,671
155,672
155,673
155,674
155,675
155,676
155,677
155,678
155,679
155,680
155,681
155,682
155,683
155,685
155,687
155,688
155,690
155,691
155,693
155,694
155,695
155,696
459,0
459,3
459,8
459,9
459,11
459,12
459,13
459,17
459,18
459,19
459,23
459,24
459,25
459,27
459,28
459,29
459,30
459,32
459,33
459,34
459,37
459,39
459,40
459,42
459,44
459,45
459,47
459,48
459,49
459,50
459,51
459,52
459,53
459,55
459,56
459,65
459,69
459,70
459,71
459,73
459,78
459,81
459,83
459,84
459,86
459,87
459,88
459,89
459,90
459,92
459,93
459,94
459,95
459,96
459,97
459,98
459,99
459,100
459,102
459,103
459,104
459,106
459,107
459,108
459,109
459,110
459,111
459,115
459,117
459,119
459,121
459,123
459,124
459,128
459,131
459,133
459,134
459,135
459,136
459,137
459,138
459,142
459,143
459,144
459,145
459,146
459,147
459,148
459,149
459,150
459,151
459,152
459,155
459,156
459,157
459,158
459,159
459,160
459,161
459,163
459,165
459,167
459,169
459,170
459,171
459,172
459,173
459,177
459,178
459,181
459,183
459,184
459,185
459,186
459,189
459,191
459,192
459,193
459,194
459,195
459,198
459,199
459,201
459,205
459,208
459,209
459,211
459,212
459,213
459,214
459,215
459,216
459,217
459,218
459,222
459,223
459,229
459,230
459,231
459,237
459,238
459,239
459,240
459,241
459,242
459,243
459,244
459,245
459,246
459,247
459,248
459,249
459,250
459,251
459,258
459,259
459,260
459,261
459,262
459,263
459,264
459,267
459,268
459,270
459,271
459,272
459,273
459,278
459,280
459,282
459,283
459,284
459,285
459,287
459,288
459,289
459,290
459,291
459,292
459,293
459,294
459,296
459,298
459,299
459,301
459,400
459,401
459,405
459,407
459,408
459,410
459,412
459,413
459,414
459,415
459,416
459,418
459,419
459,420
459,421
459,422
459,423
459,424
459,425
459,431
459,432
459,433
459,434
459,435
459,436
459,438
459,439
459,440
459,443
459,444
459,445
459,446
459,448
459,449
459,450
459,452
459,454
459,455
459,456
459,457
459,458
459,460
459,461
459,462
459,463
459,464
459,465
459,467
459,468
459,472
459,477
459,478
459,479
459,480
459,481
459,482
459,483
459,484
459,485
459,486
459,487
459,488
459,490
459,491
459,492
459,493
459,494
459,495
459,496
459,498
459,500
459,501
459,502
459,503
459,504
459,505
459,507
459,508
459,510
459,511
459,512
459,513
459,514
459,515
459,517
459,519
459,521
459,523
459,524
459,525
459,526
459,527
459,530
459,531
459,532
459,533
459,534
459,535
459,536
459,538
459,539
459,540
459,541
459,545
459,546
459,550
459,551
459,552
459,555
459,556
459,564
459,566
459,570
459,571
459,573
459,576
459,581
459,583
459,584
459,586
459,588
459,589
459,590
459,591
459,592
459,593
459,594
459,595
459,598
459,599
459,600
459,601
459,602
459,603
459,604
459,605
459,606
459,607
459,608
459,609
459,610
459,611
459,612
459,613
459,614
459,616
459,617
459,620
459,621
459,624
459,625
459,626
459,627
459,628
459,630
459,631
459,632
459,633
459,634
459,636
459,637
459,638
459,639
459,642
459,645
459,646
459,647
459,648
459,649
459,650
459,651
459,652
459,653
459,654
459,655
459,656
459,657
459,658
459,660
459,661
459,663
459,664
459,665
459,666
459,667
459,670
459,671
459,672
459,673
459,674
459,675
459,676
459,677
459,678
459,679
459,680
459,681
459,682
459,683
459,684
459,685
459,687
459,688
459,690
459,691
459,693
459,694
459,695
459,696
459,697
590,0
590,3
590,8
590,9
590,11
590,12
590,13
590,17
590,18
590,19
590,22
590,23
590,24
590,25
590,27
590,28
590,29
590,30
590,32
590,33
590,34
590,37
590,39
590,40
590,42
590,44
590,45
590,47
590,48
590,49
590,50
590,51
590,52
590,53
590,55
590,56
590,65
590,69
590,70
590,71
590,73
590,75
590,78
590,81
590,83
590,84
590,85
590,86
590,87
590,88
590,89
590,90
590,92
590,93
590,94
590,95
590,96
590,97
590,98
590,99
590,100
590,102
590,103
590,104
590,106
590,107
590,108
590,109
590,110
590,111
590,115
590,117
590,119
590,121
590,123
590,124
590,127
590,128
590,131
590,133
590,134
590,135
590,136
590,137
590,138
590,142
590,143
590,144
590,145
590,146
590,147
590,148
590,149
590,150
590,151
590,152
590,155
590,156
590,157
590,158
590,159
590,160
590,161
590,163
590,165
590,167
590,169
590,170
590,171
590,172
590,173
590,177
590,178
590,181
590,183
590,184
590,185
590,186
590,189
590,191
590,192
590,193
590,194
590,195
590,197
590,198
590,199
590,201
590,205
590,208
590,209
590,211
590,212
590,213
590,214
590,215
590,216
590,217
590,218
590,222
590,223
590,229
590,230
590,231
590,233
590,234
590,237
590,238
590,239
590,240
590,241
590,242
590,243
590,244
590,245
590,246
590,247
590,248
590,249
590,250
590,251
590,254
590,256
590,258
590,259
590,260
590,261
590,262
590,263
590,264
590,267
590,268
590,270
590,271
590,272
590,273
590,278
590,280
590,281
590,282
590,283
590,284
590,285
590,287
590,288
590,289
590,290
590,291
590,292
590,293
590,294
590,296
590,298
590,299
590,300
590,301
590,386
590,400
590,401
590,402
590,405
590,406
590,407
590,408
590,410
590,412
590,413
590,414
590,415
590,416
590,418
590,419
590,420
590,421
590,422
590,423
590,424
590,425
590,431
590,432
590,433
590,434
590,435
590,436
590,438
590,439
590,440
590,443
590,444
590,445
590,446
590,448
590,449
590,450
590,451
590,452
590,454
590,455
590,456
590,457
590,458
590,459
590,460
590,461
590,462
590,463
590,464
590,465
590,467
590,468
590,470
590,472
590,477
590,478
590,479
590,480
590,481
590,482
590,483
590,484
590,485
590,486
590,487
590,488
590,490
590,491
590,492
590,493
590,494
590,495
590,496
590,498
590,500
590,501
590,502
590,503
590,504
590,505
590,507
590,508
590,510
590,511
590,512
590,513
590,514
590,515
590,517
590,519
590,521
590,523
590,524
590,525
590,526
590,527
590,530
590,531
590,532
590,533
590,534
590,535
590,536
590,538
590,539
590,540
590,541
590,543
590,545
590,546
590,550
590,551
590,552
590,554
590,555
590,556
590,561
590,564
590,566
590,570
590,571
590,573
590,576
590,581
590,583
590,584
590,586
590,588
590,589
590,591
590,592
590,593
590,594
590,595
590,598
590,599
590,600
590,601
590,602
590,603
590,604
590,605
590,606
590,607
590,608
590,609
590,610
590,611
590,612
590,613
590,614
590,616
590,617
590,620
590,621
590,624
590,625
590,626
590,627
590,628
590,629
590,630
590,631
590,632
590,633
590,634
590,636
590,637
590,638
590,639
590,642
590,645
590,646
590,647
590,648
590,649
590,650
590,651
590,652
590,653
590,654
590,655
590,656
590,657
590,658
590,660
590,661
590,662
590,663
590,664
590,665
590,666
590,667
590,670
590,671
590,672
590,673
590,674
590,675
590,676
590,677
590,678
590,679
590,680
590,681
590,682
590,683
590,684
590,685
590,687
590,688
590,690
590,691
590,693
590,694
590,695
590,696
590,697
160,149
36,56
36,134
36,149
36,159
36,216
36,273
36,289
36,415
36,431
36,540
36,541
36,621
36,678
36,681
194,134
194,149
194,159
194,415
194,431
194,540
194,589
194,678
194,681
538,134
538,149
538,159
538,415
538,431
538,540
538,678
538,681
601,134
107,0
107,3
107,8
107,9
107,11
107,32
107,44
107,45
107,50
107,56
107,87
107,88
107,97
107,99
107,106
107,110
107,117
107,119
107,121
107,124
107,134
107,135
107,138
107,142
107,143
107,149
107,150
107,151
107,155
107,156
107,157
107,159
107,160
107,165
107,167
107,169
107,171
107,184
107,185
107,194
107,201
107,208
107,211
107,216
107,237
107,238
107,239
107,240
107,241
107,243
107,246
107,247
107,259
107,262
107,273
107,283
107,284
107,289
107,290
107,291
107,292
107,293
107,296
107,405
107,410
107,413
107,414
107,415
107,421
107,422
107,425
107,431
107,435
107,446
107,455
107,458
107,472
107,478
107,483
107,484
107,485
107,488
107,492
107,501
107,513
107,521
107,524
107,526
107,536
107,540
107,541
107,550
107,570
107,573
107,583
107,589
107,600
107,601
107,608
107,613
107,614
107,621
107,642
107,647
107,649
107,656
107,663
107,675
107,678
107,679
107,681
107,682
107,683
107,685
107,693
107,694
533,0
533,3
533,8
533,9
533,11
533,12
533,13
533,17
533,18
533,19
533,23
533,24
533,25
533,27
533,28
533,29
533,30
533,32
533,33
533,34
533,37
533,39
533,40
533,42
533,44
533,45
533,47
533,48
533,49
533,50
533,51
533,52
533,53
533,55
533,56
533,65
533,69
533,70
533,71
533,73
533,81
533,83
533,84
533,86
533,87
533,88
533,89
533,90
533,92
533,93
533,95
533,96
533,97
533,98
533,99
533,100
533,102
533,103
533,104
533,106
533,107
533,108
533,109
533,110
533,111
533,115
533,117
533,119
533,121
533,123
533,124
533,128
533,131
533,133
533,134
533,135
533,136
533,137
533,138
533,142
533,143
533,144
533,145
533,146
533,147
533,148
533,149
533,150
533,151
533,152
533,155
533,156
533,157
533,158
533,159
533,160
533,161
533,163
533,165
533,167
533,169
533,170
533,171
533,172
533,181
533,183
533,184
533,185
533,186
533,189
533,191
533,192
533,194
533,195
533,198
533,199
533,201
533,208
533,209
533,211
533,212
533,213
533,214
533,215
533,216
533,217
533,218
533,222
533,223
533,229
533,230
533,231
533,237
533,238
533,239
533,240
533,241
533,242
533,243
533,244
533,245
533,246
533,247
533,248
533,249
533,250
533,251
533,258
533,259
533,260
533,261
533,262
533,263
533,264
533,267
533,268
533,270
533,271
533,272
533,273
533,278
533,280
533,282
533,283
533,284
533,285
533,287
533,288
533,289
533,290
533,291
533,292
533,293
533,294
533,296
533,298
533,299
533,301
533,400
533,401
533,405
533,407
533,408
533,410
533,412
533,413
533,414
533,415
533,416
533,418
533,419
533,420
533,421
533,422
533,423
533,424
533,425
533,431
533,432
533,433
533,434
533,435
533,436
533,438
533,439
533,443
533,444
533,445
533,446
533,448
533,449
533,450
533,452
533,454
533,455
533,456
533,457
533,458
533,459
533,460
533,461
533,462
533,463
533,464
533,467
533,468
533,472
533,477
533,478
533,479
533,480
533,481
533,482
533,483
533,484
533,485
533,486
533,487
533,488
533,490
533,491
533,492
533,493
533,494
533,495
533,496
533,500
533,501
533,502
533,503
533,504
533,505
533,507
533,508
533,510
533,511
533,512
533,513
533,515
533,517
533,519
533,521
533,523
533,524
533,525
533,526
533,527
533,530
533,531
533,532
533,534
533,535
533,536
533,538
533,539
533,540
533,541
533,545
533,546
533,550
533,551
533,556
533,564
533,566
533,570
533,571
533,573
533,576
533,581
533,583
533,584
533,586
533,589
533,590
533,591
533,592
533,593
533,594
533,595
533,598
533,599
533,600
533,601
533,602
533,603
533,604
533,605
533,607
533,608
533,609
533,610
533,611
533,612
533,613
533,614
533,616
533,617
533,620
533,621
533,624
533,625
533,626
533,627
533,630
533,631
533,632
533,633
533,634
533,636
533,637
533,638
533,639
533,642
533,645
533,646
533,647
533,648
533,649
533,650
533,651
533,652
533,653
533,654
533,655
533,656
533,657
533,658
533,661
533,663
533,664
533,665
533,666
533,667
533,670
533,671
533,672
533,673
533,674
533,675
533,676
533,677
533,678
533,679
533,680
533,681
533,682
533,683
533,685
533,687
533,688
533,690
533,691
533,693
533,694
533,695
533,696
56,0
56,3
56,8
56,9
56,25
56,32
56,86
56,88
56,97
56,99
56,102
56,107
56,110
56,117
56,119
56,121
56,134
56,135
56,138
56,143
56,148
56,149
56,150
56,155
56,156
56,157
56,159
56,160
56,165
56,167
56,169
56,170
56,171
56,184
56,185
56,186
56,189
56,194
56,201
56,208
56,211
56,216
56,237
56,238
56,239
56,240
56,241
56,262
56,273
56,283
56,284
56,289
56,290
56,291
56,292
56,293
56,296
56,405
56,410
56,414
56,415
56,420
56,422
56,431
56,435
56,454
56,455
56,458
56,472
56,478
56,483
56,484
56,485
56,488
56,501
56,513
56,521
56,526
56,535
56,536
56,540
56,541
56,573
56,589
56,600
56,601
56,608
56,609
56,613
56,614
56,621
56,632
56,638
56,647
56,649
56,657
56,661
56,663
56,671
56,673
56,678
56,679
56,681
56,682
56,683
56,685
56,691
56,693
56,694
56,695
87,0
87,3
87,8
87,9
87,11
87,12
87,13
87,17
87,18
87,19
87,22
87,23
87,24
87,25
87,27
87,28
87,29
87,30
87,32
87,33
87,34
87,37
87,39
87,40
87,42
87,44
87,45
87,47
87,48
87,49
87,50
87,51
87,52
87,53
87,54
87,55
87,56
87,65
87,69
87,70
87,71
87,73
87,75
87,78
87,81
87,83
87,84
87,85
87,86
87,88
87,89
87,90
87,92
87,93
87,94
87,95
87,96
87,97
87,98
87,99
87,100
87,102
87,103
87,104
87,106
87,107
87,108
87,109
87,110
87,111
87,115
87,117
87,119
87,121
87,123
87,124
87,127
87,128
87,131
87,133
87,134
87,135
87,136
87,137
87,138
87,142
87,143
87,144
87,145
87,146
87,147
87,148
87,149
87,150
87,151
87,152
87,155
87,156
87,157
87,158
87,159
87,160
87,161
87,163
87,165
87,167
87,169
87,170
87,171
87,172
87,173
87,175
87,177
87,178
87,181
87,183
87,184
87,185
87,186
87,189
87,191
87,192
87,193
87,194
87,195
87,197
87,198
87,199
87,201
87,205
87,208
87,209
87,211
87,212
87,213
87,214
87,215
87,216
87,217
87,218
87,222
87,223
87,229
87,230
87,231
87,233
87,234
87,237
87,238
87,239
87,240
87,241
87,242
87,243
87,244
87,245
87,246
87,247
87,248
87,249
87,250
87,251
87,254
87,256
87,258
87,259
87,260
87,261
87,262
87,263
87,264
87,267
87,268
87,270
87,271
87,272
87,273
87,278
87,280
87,281
87,282
87,283
87,284
87,285
87,287
87,288
87,289
87,290
87,291
87,292
87,293
87,294
87,296
87,298
87,299
87,300
87,301
87,386
87,400
87,401
87,402
87,405
87,406
87,407
87,408
87,410
87,412
87,413
87,414
87,415
87,416
87,418
87,419
87,420
87,421
87,422
87,423
87,424
87,425
87,431
87,432
87,433
87,434
87,435
87,436
87,438
87,439
87,440
87,443
87,444
87,445
87,446
87,448
87,449
87,450
87,451
87,452
87,454
87,455
87,456
87,457
87,458
87,459
87,460
87,461
87,462
87,463
87,464
87,465
87,467
87,468
87,470
87,472
87,477
87,478
87,479
87,480
87,481
87,482
87,483
87,484
87,485
87,486
87,487
87,488
87,490
87,491
87,492
87,493
87,494
87,495
87,496
87,498
87,500
87,501
87,502
87,503
87,504
87,505
87,507
87,508
87,510
87,511
87,512
87,513
87,514
87,515
87,517
87,519
87,521
87,523
87,524
87,525
87,526
87,527
87,530
87,531
87,532
87,533
87,534
87,535
87,536
87,538
87,539
87,540
87,541
87,543
87,545
87,546
87,550
87,551
87,552
87,554
87,555
87,556
87,561
87,564
87,566
87,570
87,571
87,573
87,576
87,581
87,583
87,584
87,586
87,588
87,589
87,590
87,591
87,592
87,593
87,594
87,595
87,598
87,599
87,600
87,601
87,602
87,603
87,604
87,605
87,606
87,607
87,608
87,609
87,610
87,611
87,612
87,613
87,614
87,616
87,617
87,620
87,621
87,624
87,625
87,626
87,627
87,628
87,629
87,630
87,631
87,632
87,633
87,634
87,636
87,637
87,638
87,639
87,642
87,645
87,646
87,647
87,648
87,649
87,650
87,651
87,652
87,653
87,654
87,655
87,656
87,657
87,658
87,660
87,661
87,662
87,663
87,664
87,665
87,666
87,667
87,670
87,671
87,672
87,673
87,674
87,675
87,676
87,677
87,678
87,679
87,680
87,681
87,682
87,683
87,684
87,685
87,687
87,688
87,690
87,691
87,693
87,694
87,695
87,696
87,697
186,0
186,3
186,8
186,9
186,11
186,12
186,13
186,17
186,18
186,19
186,23
186,24
186,25
186,27
186,28
186,30
186,32
186,33
186,34
186,39
186,40
186,42
186,44
186,45
186,47
186,48
186,49
186,50
186,52
186,53
186,55
186,56
186,65
186,69
186,70
186,73
186,81
186,83
186,84
186,86
186,87
186,88
186,90
186,92
186,93
186,95
186,96
186,97
186,98
186,99
186,102
186,103
186,106
186,107
186,108
186,109
186,110
186,111
186,115
186,117
186,119
186,121
186,123
186,124
186,133
186,134
186,135
186,136
186,137
186,138
186,142
186,143
186,146
186,147
186,148
186,149
186,150
186,151
186,152
186,155
186,156
186,157
186,158
186,159
186,160
186,163
186,165
186,167
186,169
186,170
186,171
186,172
186,183
186,184
186,185
186,189
186,191
186,192
186,194
186,195
186,198
186,201
186,208
186,209
186,211
186,212
186,213
186,214
186,215
186,216
186,217
186,218
186,222
186,223
186,229
186,230
186,231
186,237
186,238
186,239
186,240
186,241
186,242
186,243
186,244
186,245
186,246
186,247
186,248
186,249
186,258
186,259
186,261
186,262
186,263
186,264
186,268
186,270
186,271
186,272
186,273
186,280
186,282
186,283
186,284
186,285
186,287
186,288
186,289
186,290
186,291
186,292
186,293
186,294
186,296
186,298
186,299
186,400
186,405
186,408
186,410
186,412
186,413
186,414
186,415
186,416
186,418
186,420
186,421
186,422
186,423
186,424
186,425
186,431
186,432
186,433
186,435
186,439
186,446
186,450
186,454
186,455
186,457
186,458
186,459
186,460
186,462
186,463
186,464
186,472
186,477
186,478
186,480
186,481
186,482
186,483
186,484
186,485
186,486
186,487
186,488
186,490
186,491
186,492
186,493
186,494
186,495
186,496
186,500
186,501
186,502
186,503
186,504
186,505
186,507
186,508
186,510
186,512
186,513
186,515
186,517
186,519
186,521
186,523
186,524
186,525
186,526
186,527
186,531
186,532
186,533
186,535
186,536
186,539
186,540
186,541
186,546
186,550
186,556
186,564
186,566
186,570
186,571
186,573
186,576
186,581
186,583
186,584
186,586
186,589
186,590
186,591
186,593
186,594
186,595
186,599
186,600
186,601
186,603
186,605
186,607
186,608
186,609
186,610
186,611
186,612
186,613
186,614
186,616
186,617
186,620
186,621
186,624
186,625
186,626
186,627
186,630
186,631
186,632
186,634
186,636
186,637
186,638
186,639
186,642
186,645
186,646
186,647
186,648
186,649
186,651
186,652
186,653
186,654
186,655
186,656
186,657
186,658
186,661
186,663
186,664
186,665
186,666
186,667
186,670
186,671
186,672
186,673
186,674
186,675
186,676
186,677
186,678
186,679
186,680
186,681
186,682
186,683
186,685
186,687
186,688
186,690
186,691
186,693
186,694
186,695
186,696
584,56
584,134
584,149
584,157
584,159
584,160
584,169
584,216
584,237
584,238
584,273
584,415
584,422
584,431
584,484
584,540
584,541
584,621
584,678
584,679
584,681
584,685
422,0
422,25
422,28
422,56
422,87
422,102
422,107
422,121
422,134
422,148
422,149
422,152
422,155
422,156
422,157
422,159
422,160
422,169
422,170
422,186
422,189
422,194
422,216
422,237
422,238
422,240
422,273
422,283
422,289
422,414
422,415
422,420
422,431
422,454
422,457
422,472
422,478
422,483
422,484
422,495
422,526
422,536
422,540
422,541
422,589
422,600
422,601
422,609
422,621
422,638
422,657
422,661
422,671
422,678
422,679
422,681
422,685
422,691
216,0
216,24
216,25
216,28
216,53
216,56
216,86
216,87
216,92
216,102
216,107
216,115
216,121
216,134
216,135
216,148
216,149
216,150
216,152
216,155
216,156
216,157
216,159
216,160
216,169
216,170
216,186
216,189
216,192
216,194
216,237
216,238
216,240
216,268
216,272
216,273
216,283
216,289
216,414
216,415
216,416
216,420
216,422
216,424
216,431
216,454
216,457
216,462
216,472
216,478
216,481
216,483
216,484
216,486
216,494
216,495
216,526
216,533
216,536
216,540
216,541
216,571
216,584
216,589
216,590
216,591
216,600
216,601
216,609
216,617
216,621
216,638
216,657
216,661
216,671
216,673
216,678
216,679
216,681
216,685
216,687
216,691
216,695
27,0
27,3
27,8
27,9
27,11
27,17
27,25
27,28
27,33
27,34
27,40
27,44
27,53
27,56
27,86
27,87
27,88
27,92
27,97
27,99
27,102
27,107
27,110
27,115
27,119
27,121
27,123
27,124
27,134
27,135
27,142
27,143
27,148
27,149
27,150
27,152
27,155
27,156
27,157
27,159
27,160
27,165
27,167
27,169
27,170
27,171
27,172
27,184
27,185
27,186
27,189
27,192
27,194
27,198
27,201
27,208
27,211
27,213
27,216
27,237
27,238
27,239
27,240
27,241
27,243
27,246
27,262
27,268
27,270
27,272
27,273
27,283
27,284
27,289
27,292
27,293
27,294
27,296
27,405
27,410
27,413
27,414
27,415
27,416
27,420
27,421
27,422
27,424
27,425
27,431
27,435
27,439
27,450
27,454
27,455
27,457
27,458
27,462
27,472
27,478
27,481
27,483
27,484
27,485
27,486
27,488
27,493
27,494
27,495
27,501
27,513
27,517
27,521
27,526
27,533
27,536
27,540
27,541
27,550
27,571
27,573
27,583
27,589
27,590
27,591
27,600
27,601
27,608
27,609
27,614
27,617
27,621
27,627
27,638
27,645
27,647
27,649
27,654
27,657
27,661
27,663
27,671
27,673
27,675
27,678
27,679
27,681
27,682
27,683
27,685
27,687
27,691
27,693
27,694
27,695
159,134
159,149
159,415
159,540
159,681
276,134
276,149
276,415
276,540
276,678
424,0
424,3
424,8
424,9
424,11
424,12
424,13
424,17
424,18
424,19
424,22
424,23
424,24
424,25
424,27
424,28
424,29
424,30
424,32
424,33
424,34
424,37
424,39
424,40
424,42
424,44
424,45
424,47
424,48
424,49
424,50
424,51
424,52
424,53
424,54
424,55
424,56
424,65
424,69
424,70
424,71
424,73
424,75
424,78
424,81
424,83
424,84
424,86
424,87
424,88
424,89
424,90
424,92
424,93
424,94
424,95
424,96
424,97
424,98
424,99
424,100
424,102
424,103
424,104
424,106
424,107
424,108
424,109
424,110
424,111
424,115
424,117
424,119
424,121
424,123
424,124
424,127
424,128
424,131
424,133
424,134
424,135
424,136
424,137
424,138
424,142
424,143
424,144
424,145
424,146
424,147
424,148
424,149
424,150
424,151
424,152
424,155
424,156
424,157
424,158
424,159
424,160
424,161
424,163
424,165
424,167
424,169
424,170
424,171
424,172
424,173
424,177
424,178
424,181
424,183
424,184
424,185
424,186
424,189
424,191
424,192
424,193
424,194
424,195
424,198
424,199
424,201
424,205
424,208
424,209
424,211
424,212
424,213
424,214
424,215
424,216
424,217
424,218
424,222
424,223
424,229
424,230
424,231
424,233
424,234
424,237
424,238
424,239
424,240
424,241
424,242
424,243
424,244
424,245
424,246
424,247
424,248
424,249
424,250
424,251
424,254
424,258
424,259
424,260
424,261
424,262
424,263
424,264
424,267
424,268
424,270
424,271
424,272
424,273
424,278
424,280
424,281
424,282
424,283
424,284
424,285
424,287
424,288
424,289
424,290
424,291
424,292
424,293
424,294
424,296
424,298
424,299
424,301
424,386
424,400
424,401
424,402
424,405
424,406
424,407
424,408
424,410
424,412
424,413
424,414
424,415
424,416
424,418
424,419
424,420
424,421
424,422
424,423
424,425
424,431
424,432
424,433
424,434
424,435
424,436
424,438
424,439
424,440
424,443
424,444
424,445
424,446
424,448
424,449
424,450
424,451
424,452
424,454
424,455
424,456
424,457
424,458
424,459
424,460
424,461
424,462
424,463
424,464
424,465
424,467
424,468
424,470
424,472
424,477
424,478
424,479
424,480
424,481
424,482
424,483
424,484
424,485
424,486
424,487
424,488
424,490
424,491
424,492
424,493
424,494
424,495
424,496
424,498
424,500
424,501
424,502
424,503
424,504
424,505
424,507
424,508
424,510
424,511
424,512
424,513
424,514
424,515
424,517
424,519
424,521
424,523
424,524
424,525
424,526
424,527
424,530
424,531
424,532
424,533
424,534
424,535
424,536
424,538
424,539
424,540
424,541
424,543
424,545
424,546
424,550
424,551
424,552
424,555
424,556
424,561
424,564
424,566
424,570
424,571
424,573
424,576
424,581
424,583
424,584
424,586
424,588
424,589
424,590
424,591
424,592
424,593
424,594
424,595
424,598
424,599
424,600
424,601
424,602
424,603
424,604
424,605
424,606
424,607
424,608
424,609
424,610
424,611
424,612
424,613
424,614
424,616
424,617
424,620
424,621
424,624
424,625
424,626
424,627
424,628
424,629
424,630
424,631
424,632
424,633
424,634
424,636
424,637
424,638
424,639
424,642
424,645
424,646
424,647
424,648
424,649
424,650
424,651
424,652
424,653
424,654
424,655
424,656
424,657
424,658
424,660
424,661
424,662
424,663
424,664
424,665
424,666
424,667
424,670
424,671
424,672
424,673
424,674
424,675
424,676
424,677
424,678
424,679
424,680
424,681
424,682
424,683
424,684
424,685
424,687
424,688
424,690
424,691
424,693
424,694
424,695
424,696
424,697
238,56
238,87
238,134
238,148
238,149
238,155
238,156
238,157
238,159
238,160
238,169
238,216
238,237
238,273
238,289
238,415
238,422
238,431
238,483
238,484
238,526
238,536
238,540
238,541
238,589
238,600
238,601
238,621
238,661
238,678
238,679
238,681
238,685
657,25
657,56
657,121
657,134
657,148
657,149
657,155
657,157
657,159
657,160
657,169
657,194
657,216
657,237
657,238
657,273
657,283
657,289
657,415
657,422
657,431
657,478
657,483
657,484
657,526
657,540
657,541
657,589
657,600
657,601
657,621
657,638
657,678
657,679
657,681
657,685
657,691
678,0
678,3
678,8
678,9
678,11
678,24
678,25
678,28
678,32
678,33
678,34
678,44
678,45
678,50
678,53
678,56
678,86
678,87
678,88
678,92
678,97
678,99
678,102
678,106
678,107
678,110
678,115
678,117
678,119
678,121
678,123
678,124
678,134
678,135
678,138
678,142
678,143
678,148
678,149
678,150
678,151
678,152
678,155
678,156
678,157
678,159
678,160
678,165
678,167
678,169
678,170
678,171
678,172
678,184
678,185
678,186
678,189
678,191
678,192
678,194
678,201
678,208
678,211
678,216
678,237
678,238
678,239
678,240
678,241
678,243
678,246
678,247
678,259
678,262
678,264
678,268
678,272
678,273
678,283
678,284
678,289
678,290
678,291
678,292
678,293
678,294
678,296
678,405
678,410
678,414
678,415
678,416
678,420
678,421
678,422
678,424
678,425
678,431
678,435
678,439
678,446
678,454
678,455
678,457
678,458
678,462
678,472
678,478
678,481
678,483
678,484
678,485
678,486
678,488
678,491
678,492
678,494
678,495
678,501
678,513
678,521
678,524
678,526
678,533
678,536
678,540
678,541
678,550
678,570
678,571
678,573
678,583
678,584
678,586
678,589
678,590
678,591
678,600
678,601
678,608
678,609
678,613
678,614
678,617
678,621
678,627
678,638
678,642
678,645
678,647
678,649
678,654
678,656
678,657
678,661
678,663
678,671
678,673
678,675
678,679
678,681
678,682
678,683
678,685
678,687
678,691
678,693
678,694
678,695
621,56
621,134
621,149
621,159
621,216
621,273
621,415
621,431
621,484
621,536
621,540
621,541
621,678
621,681
685,0
685,25
685,56
685,134
685,149
685,150
685,156
685,157
685,159
685,169
685,186
685,216
685,237
685,238
685,240
685,273
685,289
685,415
685,422
685,431
685,484
685,526
685,536
685,540
685,541
685,589
685,600
685,621
685,678
685,679
685,681
685,691
431,134
431,149
431,159
431,415
431,540
431,678
431,681
210,0
210,3
210,8
210,9
210,11
210,12
210,13
210,17
210,18
210,19
210,23
210,29
210,30
210,32
210,33
210,34
210,39
210,40
210,42
210,44
210,45
210,47
210,48
210,49
210,50
210,51
210,55
210,56
210,65
210,69
210,70
210,73
210,81
210,83
210,84
210,86
210,88
210,89
210,90
210,93
210,95
210,96
210,97
210,98
210,99
210,100
210,103
210,106
210,108
210,109
210,110
210,111
210,117
210,119
210,121
210,123
210,124
210,131
210,133
210,134
210,135
210,136
210,137
210,138
210,142
210,143
210,144
210,145
210,146
210,147
210,148
210,149
210,150
210,151
210,155
210,157
210,158
210,159
210,160
210,161
210,165
210,167
210,169
210,171
210,184
210,185
210,186
210,189
210,194
210,195
210,198
210,201
210,208
210,211
210,212
210,213
210,214
210,216
210,217
210,218
210,222
210,223
210,229
210,230
210,231
210,237
210,238
210,239
210,240
210,241
210,242
210,243
210,244
210,245
210,246
210,247
210,248
210,249
210,258
210,259
210,261
210,262
210,263
210,264
210,271
210,273
210,280
210,282
210,283
210,284
210,285
210,287
210,288
210,289
210,290
210,291
210,292
210,293
210,294
210,296
210,298
210,301
210,400
210,405
210,408
210,410
210,412
210,413
210,414
210,415
210,418
210,421
210,422
210,423
210,425
210,431
210,432
210,433
210,435
210,436
210,439
210,444
210,446
210,448
210,452
210,455
210,458
210,460
210,463
210,467
210,468
210,477
210,478
210,480
210,482
210,484
210,485
210,487
210,488
210,490
210,492
210,493
210,496
210,501
210,502
210,503
210,504
210,505
210,507
210,508
210,510
210,512
210,513
210,515
210,517
210,519
210,521
210,523
210,524
210,525
210,526
210,527
210,530
210,531
210,532
210,534
210,535
210,536
210,540
210,541
210,545
210,546
210,550
210,556
210,564
210,566
210,570
210,573
210,576
210,581
210,583
210,586
210,589
210,593
210,594
210,595
210,599
210,600
210,601
210,602
210,605
210,607
210,608
210,610
210,611
210,612
210,613
210,614
210,616
210,620
210,621
210,630
210,632
210,634
210,636
210,637
210,639
210,642
210,645
210,646
210,647
210,648
210,649
210,651
210,652
210,653
210,654
210,655
210,656
210,658
210,661
210,663
210,664
210,665
210,666
210,667
210,670
210,671
210,672
210,674
210,675
210,676
210,678
210,679
210,680
210,681
210,682
210,683
210,685
210,690
210,693
210,694
289,134
289,415
289,540
624,134
624,149
624,159
624,415
624,431
624,540
624,678
624,681
626,0
626,56
626,134
626,148
626,149
626,157
626,159
626,160
626,169
626,216
626,237
626,238
626,273
626,283
626,289
626,415
626,422
626,431
626,478
626,483
626,484
626,526
626,540
626,541
626,589
626,600
626,601
626,621
626,638
626,678
626,679
626,681
626,685
626,691
484,0
484,25
484,56
484,102
484,107
484,121
484,134
484,148
484,149
484,150
484,155
484,156
484,157
484,159
484,160
484,169
484,170
484,186
484,189
484,194
484,216
484,237
484,238
484,240
484,273
484,283
484,289
484,414
484,415
484,420
484,422
484,431
484,454
484,472
484,478
484,483
484,495
484,526
484,536
484,540
484,541
484,589
484,600
484,601
484,609
484,621
484,638
484,661
484,671
484,678
484,679
484,681
484,685
484,691
272,0
272,3
272,8
272,9
272,11
272,17
272,24
272,25
272,28
272,32
272,33
272,34
272,40
272,44
272,45
272,48
272,50
272,56
272,69
272,83
272,86
272,87
272,88
272,90
272,92
272,93
272,96
272,97
272,99
272,102
272,103
272,106
272,107
272,109
272,110
272,115
272,117
272,119
272,121
272,123
272,124
272,133
272,134
272,135
272,136
272,138
272,142
272,143
272,148
272,149
272,150
272,151
272,152
272,155
272,156
272,157
272,158
272,159
272,160
272,165
272,167
272,169
272,170
272,171
272,184
272,185
272,186
272,189
272,194
272,195
272,198
272,201
272,208
272,211
272,213
272,216
272,223
272,231
272,237
272,238
272,239
272,240
272,241
272,243
272,246
272,247
272,258
272,259
272,262
272,263
272,264
272,268
272,271
272,273
272,283
272,284
272,285
272,287
272,289
272,290
272,291
272,292
272,293
272,294
272,296
272,298
272,405
272,410
272,413
272,414
272,415
272,416
272,418
272,420
272,421
272,422
272,424
272,425
272,431
272,435
272,439
272,446
272,454
272,455
272,457
272,458
272,472
272,477
272,478
272,481
272,483
272,484
272,485
272,488
272,492
272,493
272,494
272,495
272,501
272,507
272,510
272,513
272,515
272,517
272,521
272,524
272,526
272,527
272,531
272,533
272,535
272,536
272,540
272,541
272,550
272,564
272,570
272,571
272,573
272,581
272,583
272,584
272,586
272,589
272,590
272,591
272,594
272,595
272,600
272,601
272,608
272,609
272,613
272,614
272,617
272,620
272,621
272,627
272,632
272,634
272,638
272,642
272,645
272,646
272,647
272,648
272,649
272,654
272,655
272,656
272,657
272,661
272,663
272,664
272,665
272,671
272,673
272,675
272,678
272,679
272,681
272,682
272,683
272,685
272,687
272,690
272,691
272,693
272,694
272,695
153,0
153,3
153,8
153,9
153,11
153,32
153,33
153,34
153,44
153,45
153,50
153,56
153,88
153,97
153,99
153,106
153,107
153,110
153,117
153,119
153,124
153,134
153,135
153,138
153,142
153,143
153,148
153,149
153,150
153,155
153,156
153,157
153,159
153,160
153,165
153,167
153,169
153,171
153,184
153,185
153,186
153,194
153,201
153,208
153,211
153,216
153,237
153,238
153,239
153,240
153,241
153,243
153,246
153,247
153,259
153,262
153,264
153,273
153,283
153,284
153,285
153,289
153,290
153,291
153,292
153,293
153,296
153,405
153,410
153,413
153,414
153,415
153,420
153,421
153,422
153,425
153,431
153,435
153,439
153,446
153,455
153,458
153,478
153,483
153,484
153,485
153,488
153,492
153,501
153,507
153,513
153,521
153,526
153,536
153,540
153,541
153,550
153,573
153,583
153,589
153,600
153,601
153,608
153,613
153,614
153,620
153,621
153,638
153,645
153,647
153,649
153,655
153,663
153,671
153,675
153,678
153,679
153,681
153,682
153,683
153,685
153,693
153,694
540,0
540,25
540,28
540,56
540,86
540,87
540,102
540,107
540,134
540,148
540,149
540,150
540,155
540,156
540,157
540,159
540,160
540,169
540,170
540,186
540,194
540,216
540,237
540,238
540,240
540,273
540,289
540,414
540,415
540,420
540,422
540,431
540,472
540,483
540,484
540,526
540,536
540,541
540,589
540,600
540,601
540,609
540,621
540,661
540,671
540,678
540,679
540,681
540,685
540,691
192,134
192,149
192,159
192,415
192,540
192,681
536,56
536,107
536,121
536,134
536,149
536,155
536,157
536,159
536,160
536,169
536,186
536,216
536,237
536,238
536,273
536,289
536,414
536,415
536,422
536,431
536,454
536,483
536,526
536,540
536,541
536,589
536,600
536,601
536,609
536,621
536,661
536,671
536,678
536,679
536,681
536,685
536,691
661,0
661,3
661,8
661,9
661,11
661,13
661,17
661,24
661,25
661,28
661,30
661,32
661,33
661,34
661,40
661,44
661,45
661,48
661,50
661,53
661,56
661,69
661,70
661,83
661,86
661,87
661,88
661,90
661,92
661,93
661,96
661,97
661,98
661,99
661,102
661,103
661,106
661,107
661,109
661,110
661,115
661,117
661,119
661,121
661,123
661,124
661,133
661,134
661,135
661,136
661,137
661,138
661,142
661,143
661,146
661,148
661,149
661,150
661,151
661,152
661,155
661,156
661,157
661,158
661,159
661,160
661,165
661,167
661,169
661,170
661,171
661,184
661,185
661,186
661,189
661,191
661,192
661,194
661,195
661,198
661,201
661,208
661,211
661,213
661,216
661,217
661,223
661,230
661,231
661,237
661,238
661,239
661,240
661,241
661,243
661,245
661,246
661,247
661,258
661,259
661,262
661,263
661,264
661,268
661,270
661,271
661,272
661,273
661,283
661,284
661,285
661,287
661,288
661,289
661,290
661,291
661,292
661,293
661,294
661,296
661,298
661,405
661,410
661,412
661,413
661,414
661,415
661,416
661,418
661,420
661,421
661,422
661,424
661,425
661,431
661,432
661,435
661,439
661,446
661,454
661,455
661,457
661,458
661,472
661,477
661,478
661,480
661,481
661,483
661,484
661,485
661,486
661,488
661,491
661,492
661,493
661,494
661,495
661,501
661,503
661,504
661,507
661,510
661,512
661,513
661,515
661,517
661,521
661,524
661,525
661,526
661,527
661,531
661,533
661,535
661,536
661,539
661,540
661,541
661,550
661,564
661,570
661,571
661,573
661,576
661,581
661,583
661,584
661,586
661,589
661,590
661,591
661,593
661,594
661,595
661,599
661,600
661,601
661,607
661,608
661,609
661,613
661,614
661,617
661,620
661,621
661,626
661,627
661,632
661,634
661,638
661,639
661,642
661,645
661,646
661,647
661,648
661,649
661,654
661,655
661,656
661,657
661,663
661,664
661,665
661,666
661,671
661,673
661,675
661,676
661,678
661,679
661,680
661,681
661,682
661,683
661,685
661,687
661,688
661,690
661,691
661,693
661,694
661,695
526,0
526,3
526,8
526,9
526,11
526,12
526,13
526,17
526,18
526,19
526,23
526,24
526,25
526,27
526,28
526,30
526,32
526,33
526,34
526,39
526,40
526,42
526,44
526,45
526,47
526,48
526,49
526,50
526,51
526,52
526,53
526,55
526,56
526,65
526,69
526,70
526,73
526,81
526,83
526,84
526,86
526,87
526,88
526,89
526,90
526,92
526,93
526,95
526,96
526,97
526,98
526,99
526,100
526,102
526,103
526,106
526,107
526,108
526,109
526,110
526,111
526,115
526,117
526,119
526,121
526,123
526,124
526,131
526,133
526,134
526,135
526,136
526,137
526,138
526,142
526,143
526,145
526,146
526,147
526,148
526,149
526,150
526,151
526,152
526,155
526,156
526,157
526,158
526,159
526,160
526,161
526,163
526,165
526,167
526,169
526,170
526,171
526,172
526,183
526,184
526,185
526,186
526,189
526,191
526,192
526,194
526,195
526,198
526,201
526,208
526,209
526,211
526,212
526,213
526,214
526,215
526,216
526,217
526,218
526,222
526,223
526,229
526,230
526,231
526,237
526,238
526,239
526,240
526,241
526,242
526,243
526,244
526,245
526,246
526,247
526,248
526,249
526,258
526,259
526,260
526,261
526,262
526,263
526,264
526,268
526,270
526,271
526,272
526,273
526,280
526,282
526,283
526,284
526,285
526,287
526,288
526,289
526,290
526,291
526,292
526,293
526,294
526,296
526,298
526,299
526,301
526,400
526,405
526,407
526,408
526,410
526,412
526,413
526,414
526,415
526,416
526,418
526,420
526,421
526,422
526,423
526,424
526,425
526,431
526,432
526,433
526,435
526,436
526,439
526,444
526,446
526,450
526,452
526,454
526,455
526,457
526,458
526,459
526,460
526,461
526,462
526,463
526,464
526,467
526,468
526,472
526,477
526,478
526,480
526,481
526,482
526,483
526,484
526,485
526,486
526,487
526,488
526,490
526,491
526,492
526,493
526,494
526,495
526,496
526,500
526,501
526,502
526,503
526,504
526,505
526,507
526,508
526,510
526,512
526,513
526,515
526,517
526,519
526,521
526,523
526,524
526,525
526,527
526,530
526,531
526,532
526,533
526,534
526,535
526,536
526,538
526,539
526,540
526,541
526,545
526,546
526,550
526,556
526,564
526,566
526,570
526,571
526,573
526,576
526,581
526,583
526,584
526,586
526,589
526,590
526,591
526,593
526,594
526,595
526,599
526,600
526,601
526,602
526,603
526,605
526,607
526,608
526,609
526,610
526,611
526,612
526,613
526,614
526,616
526,617
526,620
526,621
526,624
526,625
526,626
526,627
526,630
526,631
526,632
526,634
526,636
526,637
526,638
526,639
526,642
526,645
526,646
526,647
526,648
526,649
526,651
526,652
526,653
526,654
526,655
526,656
526,657
526,658
526,661
526,663
526,664
526,665
526,666
526,667
526,670
526,671
526,672
526,673
526,674
526,675
526,676
526,677
526,678
526,679
526,680
526,681
526,682
526,683
526,685
526,687
526,688
526,690
526,691
526,693
526,694
526,695
526,696
150,87
150,194
150,239
671,12
671,23
671,29
671,37
671,39
671,51
671,65
671,71
671,73
671,78
671,89
671,94
671,100
671,104
671,128
671,131
671,144
671,145
671,147
671,161
671,177
671,181
671,183
671,193
671,199
671,249
671,250
671,251
671,260
671,267
671,278
671,301
671,400
671,401
671,406
671,407
671,408
671,419
671,434
671,436
671,438
671,443
671,444
671,445
671,448
671,449
671,452
671,456
671,464
671,465
671,467
671,468
671,479
671,487
671,496
671,500
671,511
671,514
671,530
671,534
671,545
671,546
671,551
671,555
671,556
671,588
671,592
671,598
671,602
671,604
671,605
671,610
671,612
671,628
671,629
671,631
671,633
671,650
671,651
671,652
671,660
671,667
671,670
671,674
671,684
671,697
28,5
28,7
28,26
28,38
28,62
28,63
28,67
28,77
28,80
28,85
28,113
28,129
28,162
28,164
28,175
28,182
28,224
28,232
28,297
28,345
28,352
28,365
28,399
28,409
28,437
28,518
28,568
28,577
28,579
28,619
28,635
28,644
28,686
28,689
28,692
416,7
416,22
416,38
416,63
416,77
416,80
416,85
416,127
416,129
416,164
416,173
416,175
416,182
416,197
416,224
416,232
416,254
416,256
416,297
416,300
416,345
416,352
416,365
416,386
416,402
416,406
416,437
416,451
416,470
416,518
416,543
416,554
416,555
416,561
416,568
416,577
416,579
416,619
416,629
416,686
416,689
416,692
102,78
102,94
102,128
102,177
102,193
102,250
102,251
102,254
102,256
102,267
102,278
102,406
102,434
102,465
102,500
102,511
102,514
102,551
102,555
102,588
102,628
102,629
102,650
102,660
102,684
102,697
609,87
609,156
609,157
609,169
609,194
609,216
609,238
609,422
609,484
609,526
609,536
609,589
609,601
457,7
457,38
457,78
457,80
457,85
457,94
457,129
457,175
457,177
457,178
457,182
457,193
457,197
457,224
457,232
457,254
457,256
457,297
457,300
457,345
457,352
457,365
457,406
457,437
457,465
457,514
457,518
457,554
457,555
457,577
457,579
457,588
457,606
457,619
457,628
457,629
457,660
457,686
457,689
457,692
494,24
494,92
494,194
494,481
494,539
494,617
494,657
494,695
673,194
115,5
115,26
115,62
115,67
115,77
115,113
115,162
115,164
115,399
115,409
115,635
115,644
268,86
268,87
268,92
268,102
268,107
268,152
268,170
268,186
268,194
268,272
268,416
268,424
268,481
268,494
268,533
268,617
268,657
268,661
268,671
571,87
571,150
571,194
571,494
462,5
462,26
462,38
462,62
462,63
462,67
462,77
462,80
462,113
462,162
462,164
462,224
462,297
462,345
462,399
462,409
462,437
462,577
462,619
462,635
462,644
190,159
190,415
190,540
190,678
450,7
450,38
450,80
450,129
450,175
450,178
450,182
450,197
450,224
450,232
450,297
450,300
450,345
450,352
450,365
450,406
450,437
450,518
450,554
450,555
450,577
450,579
450,588
450,606
450,619
450,629
450,686
450,689
450,692
170,12
170,18
170,23
170,39
170,51
170,55
170,65
170,71
170,73
170,89
170,104
170,128
170,131
170,145
170,147
170,161
170,181
170,214
170,215
170,222
170,248
170,249
170,250
170,251
170,267
170,278
170,280
170,400
170,401
170,408
170,419
170,434
170,436
170,438
170,443
170,444
170,445
170,448
170,449
170,452
170,456
170,465
170,467
170,468
170,487
170,496
170,500
170,511
170,530
170,534
170,545
170,546
170,551
170,555
170,556
170,566
170,592
170,602
170,604
170,605
170,610
170,611
170,612
170,633
170,650
170,651
170,652
170,667
170,674
170,684
170,697
163,7
163,29
163,37
163,38
163,71
163,78
163,80
163,94
163,100
163,104
163,128
163,129
163,131
163,144
163,161
163,175
163,177
163,181
163,182
163,193
163,199
163,215
163,224
163,232
163,250
163,251
163,254
163,256
163,267
163,278
163,297
163,345
163,352
163,365
163,401
163,406
163,419
163,434
163,437
163,438
163,443
163,444
163,445
163,448
163,449
163,456
163,459
163,461
163,465
163,468
163,479
163,511
163,514
163,518
163,530
163,534
163,545
163,551
163,555
163,577
163,579
163,588
163,592
163,598
163,604
163,606
163,619
163,628
163,629
163,633
163,650
163,660
163,684
163,686
163,689
163,692
163,697
24,541
695,678
172,159
172,431
172,678
86,7
86,22
86,38
86,63
86,77
86,80
86,85
86,127
86,129
86,164
86,173
86,175
86,178
86,182
86,197
86,224
86,232
86,254
86,256
86,297
86,300
86,345
86,352
86,365
86,386
86,402
86,406
86,437
86,451
86,470
86,518
86,543
86,554
86,555
86,561
86,568
86,577
86,579
86,588
86,619
86,629
86,686
86,689
86,692
679,678
134,159
134,526
134,541
414,7
414,22
414,38
414,78
414,80
414,85
414,94
414,127
414,129
414,173
414,175
414,177
414,178
414,182
414,193
414,197
414,224
414,232
414,254
414,256
414,297
414,300
414,345
414,352
414,365
414,386
414,402
414,406
414,437
414,451
414,465
414,470
414,514
414,518
414,543
414,554
414,555
414,561
414,568
414,577
414,579
414,588
414,606
414,619
414,628
414,629
414,660
414,686
414,689
414,692
497,12
497,18
497,23
497,47
497,49
497,73
497,95
497,108
497,137
497,214
497,242
497,270
497,280
497,490
497,523
497,566
497,611
497,616
497,630
497,667
497,672
497,695
91,134
215,159
215,415
215,678
209,134
149,494
420,678
156,37
156,71
156,104
156,128
156,131
156,161
156,177
156,181
156,193
156,250
156,251
156,267
156,278
156,401
156,419
156,434
156,438
156,443
156,444
156,445
156,448
156,449
156,456
156,465
156,468
156,511
156,514
156,530
156,534
156,545
156,551
156,555
156,592
156,598
156,604
156,628
156,633
156,650
156,660
156,684
156,697
25,87
25,107
25,155
25,156
25,194
25,494
25,526
25,657
25,661
603,540
591,5
591,7
591,26
591,38
591,62
591,63
591,67
591,77
591,80
591,85
591,113
591,129
591,162
591,164
591,175
591,182
591,197
591,224
591,232
591,254
591,256
591,297
591,300
591,345
591,352
591,365
591,386
591,399
591,406
591,409
591,437
591,470
591,518
591,543
591,554
591,568
591,577
591,579
591,619
591,629
591,635
591,644
591,686
591,689
591,692
618,415
618,540
618,678
92,5
92,26
92,62
92,67
92,113
92,162
92,399
92,409
92,635
92,644
240,87
240,194
240,238
240,414
240,526
240,536
240,600
152,7
152,12
152,23
152,29
152,37
152,38
152,39
152,51
152,65
152,71
152,73
152,78
152,80
152,89
152,94
152,100
152,104
152,128
152,129
152,131
152,144
152,145
152,147
152,161
152,175
152,177
152,181
152,182
152,183
152,193
152,199
152,215
152,224
152,232
152,249
152,250
152,251
152,260
152,267
152,278
152,297
152,301
152,345
152,352
152,365
152,400
152,401
152,406
152,407
152,408
152,419
152,434
152,436
152,437
152,438
152,443
152,444
152,445
152,448
152,449
152,452
152,456
152,464
152,465
152,467
152,468
152,479
152,487
152,496
152,500
152,511
152,514
152,518
152,530
152,534
152,545
152,546
152,551
152,555
152,556
152,566
152,577
152,579
152,588
152,592
152,598
152,602
152,604
152,605
152,610
152,611
152,612
152,619
152,628
152,629
152,631
152,633
152,650
152,651
152,652
152,660
152,667
152,670
152,674
152,684
152,686
152,689
152,692
152,697
481,56
481,186
481,216
481,238
481,661
266,56
266,194
266,216
617,7
617,38
617,80
617,85
617,94
617,129
617,173
617,175
617,178
617,182
617,197
617,224
617,232
617,254
617,256
617,297
617,300
617,345
617,352
617,365
617,386
617,406
617,437
617,465
617,470
617,518
617,543
617,554
617,555
617,577
617,579
617,588
617,606
617,619
617,629
617,686
617,689
617,692
600,7
600,22
600,38
600,63
600,77
600,80
600,85
600,127
600,129
600,164
600,173
600,175
600,182
600,197
600,224
600,232
600,254
600,256
600,297
600,300
600,345
600,352
600,365
600,386
600,402
600,406
600,437
600,451
600,470
600,518
600,543
600,554
600,555
600,561
600,568
600,577
600,579
600,619
600,629
600,686
600,689
600,692
173,216
461,415
274,194
274,216
274,541
491,12
491,18
491,19
491,23
491,28
491,37
491,39
491,51
491,65
491,71
491,73
491,86
491,87
491,89
491,92
491,104
491,115
491,128
491,131
491,145
491,147
491,161
491,177
491,181
491,183
491,193
491,214
491,229
491,249
491,272
491,280
491,400
491,401
491,408
491,416
491,419
491,424
491,436
491,438
491,443
491,444
491,445
491,448
491,449
491,452
491,456
491,465
491,467
491,468
491,487
491,490
491,494
491,496
491,514
491,530
491,533
491,534
491,539
491,545
491,546
491,555
491,556
491,566
491,591
491,592
491,598
491,602
491,604
491,605
491,610
491,611
491,612
491,617
491,628
491,633
491,650
491,651
491,652
491,660
491,667
491,674
491,695
189,148
189,160
189,194
189,526
189,536
189,601
155,7
155,38
155,77
155,78
155,80
155,85
155,94
155,128
155,129
155,173
155,175
155,177
155,178
155,182
155,193
155,197
155,224
155,232
155,250
155,251
155,254
155,256
155,267
155,278
155,297
155,300
155,345
155,352
155,365
155,386
155,406
155,434
155,437
155,465
155,470
155,511
155,514
155,518
155,543
155,551
155,554
155,555
155,568
155,577
155,579
155,588
155,592
155,606
155,619
155,628
155,629
155,650
155,660
155,684
155,686
155,689
155,692
155,697
459,5
459,7
459,22
459,26
459,38
459,62
459,63
459,67
459,77
459,80
459,85
459,113
459,127
459,129
459,162
459,164
459,175
459,182
459,197
459,224
459,232
459,254
459,256
459,297
459,300
459,345
459,352
459,365
459,386
459,399
459,402
459,406
459,409
459,437
459,451
459,470
459,518
459,543
459,554
459,561
459,568
459,577
459,579
459,619
459,629
459,635
459,644
459,686
459,689
459,692
590,5
590,7
590,26
590,38
590,62
590,63
590,67
590,77
590,80
590,113
590,129
590,162
590,164
590,175
590,182
590,224
590,232
590,297
590,345
590,352
590,365
590,399
590,409
590,437
590,518
590,568
590,577
590,579
590,619
590,635
590,644
590,686
590,689
590,692
160,134
160,415
160,540
160,678
36,194
533,7
533,38
533,78
533,80
533,85
533,94
533,129
533,173
533,175
533,177
533,182
533,193
533,197
533,224
533,232
533,254
533,256
533,297
533,300
533,345
533,352
533,365
533,406
533,437
533,465
533,514
533,518
533,555
533,577
533,579
533,588
533,606
533,619
533,628
533,629
533,660
533,684
533,686
533,689
533,692
533,697
87,5
87,7
87,26
87,38
87,62
87,63
87,67
87,77
87,80
87,113
87,129
87,162
87,164
87,182
87,224
87,232
87,297
87,345
87,352
87,365
87,399
87,409
87,437
87,518
87,568
87,577
87,579
87,619
87,635
87,644
87,686
87,689
87,692
186,29
186,37
186,51
186,71
186,89
186,100
186,104
186,128
186,131
186,144
186,145
186,161
186,177
186,181
186,193
186,199
186,250
186,251
186,260
186,267
186,278
186,401
186,406
186,407
186,419
186,434
186,436
186,438
186,443
186,444
186,445
186,448
186,449
186,452
186,456
186,461
186,465
186,467
186,468
186,479
186,511
186,514
186,530
186,534
186,545
186,551
186,555
186,592
186,598
186,602
186,604
186,628
186,629
186,633
186,650
186,660
186,684
186,697
584,194
584,289
584,526
584,589
422,92
422,150
422,424
422,494
422,533
422,539
216,270
216,459
216,500
216,539
27,500
27,539
424,5
424,7
424,26
424,38
424,62
424,63
424,67
424,77
424,80
424,85
424,113
424,129
424,162
424,164
424,175
424,182
424,197
424,224
424,232
424,256
424,297
424,300
424,345
424,352
424,365
424,399
424,409
424,437
424,518
424,554
424,568
424,577
424,579
424,619
424,635
424,644
424,686
424,689
424,692
238,194
678,539
621,679
685,87
685,107
685,121
685,148
685,155
685,160
685,194
685,454
685,472
685,494
685,601
685,609
685,661
685,671
210,156
210,401
210,456
210,465
210,483
210,650
626,194
626,536
626,661
484,87
484,539
484,657
272,462
153,17
153,28
153,69
153,87
153,102
153,213
153,271
153,272
153,294
153,493
153,586
153,661
540,92
540,115
540,424
540,494
536,28
536,86
536,87
536,92
536,102
536,148
536,150
536,152
536,156
536,170
536,189
536,194
536,240
536,424
536,462
536,472
536,484
536,494
536,533
536,638
536,657
661,23
661,39
661,47
661,49
661,51
661,52
661,65
661,81
661,84
661,89
661,108
661,212
661,214
661,218
661,222
661,248
661,249
661,261
661,400
661,408
661,423
661,433
661,452
661,463
661,467
661,468
661,482
661,502
661,505
661,523
661,532
661,534
661,546
661,556
661,605
661,612
661,616
661,630
661,653
661,658
661,667
661,674
526,7
526,29
526,37
526,38
526,71
526,78
526,80
526,85
526,94
526,104
526,128
526,129
526,144
526,173
526,175
526,177
526,178
526,181
526,182
526,193
526,197
526,199
526,224
526,232
526,250
526,251
526,254
526,256
526,267
526,278
526,297
526,300
526,345
526,352
526,365
526,401
526,406
526,419
526,434
526,437
526,438
526,443
526,445
526,448
526,449
526,456
526,465
526,479
526,511
526,514
526,518
526,551
526,554
526,555
526,577
526,579
526,588
526,592
526,598
526,604
526,606
526,619
526,628
526,629
526,633
526,650
526,660
526,684
526,686
526,689
526,692
526,697
150,414
150,638
671,440
671,552
671,554
671,624
28,489
416,75
416,233
416,234
416,489
416,662
102,440
102,552
102,554
457,205
457,440
457,552
494,115
494,272
494,416
494,590
494,673
673,28
673,87
673,92
673,102
673,121
673,148
673,155
673,414
673,416
673,424
115,489
157,536
638,159
638,415
638,678
268,28
268,115
268,673
571,92
571,102
462,489
170,440
170,552
170,598
170,624
163,440
163,552
163,554
86,489
414,75
414,233
414,234
414,440
414,552
414,662
91,540
91,678
149,121
149,416
149,638
156,29
156,94
156,100
156,144
156,260
156,440
156,552
156,554
156,588
25,92
25,150
25,483
25,671
25,673
472,92
472,272
472,416
472,481
472,590
472,591
472,695
681,540
591,75
591,233
591,234
591,489
591,662
92,489
152,163
152,440
152,552
627,272
627,483
627,657
600,75
600,233
600,234
600,489
600,662
461,678
274,431
491,24
491,29
491,100
491,144
491,301
491,554
491,670
189,156
189,240
189,414
155,440
155,552
459,75
459,233
459,234
459,489
459,662
590,489
533,440
533,489
533,498
533,552
533,554
56,87
56,272
56,416
56,424
87,489
186,301
186,440
186,552
186,554
584,87
584,156
584,240
584,536
584,600
422,115
422,416
422,673
424,489
678,500
685,102
685,170
685,414
685,638
210,598
626,121
626,156
626,414
484,28
484,92
484,115
484,272
484,424
484,457
484,481
484,590
484,695
272,500
153,121
540,121
540,638
192,678
661,12
661,18
661,73
661,242
661,244
661,280
661,440
661,465
661,500
661,566
661,611
661,672
526,440
526,552
150,102
150,121
671,215
671,386
671,470
671,543
102,77
102,164
102,175
102,386
102,470
102,543
102,624
457,77
457,164
457,173
457,386
457,470
457,543
494,53
494,462
494,591
673,86
157,600
268,457
268,590
450,63
450,77
450,164
450,386
450,470
450,543
170,386
170,461
170,470
170,543
170,603
170,670
163,63
163,77
163,164
163,178
163,197
163,300
163,386
163,470
163,543
163,603
414,63
414,77
414,164
414,498
156,7
156,38
156,78
156,80
156,129
156,175
156,182
156,197
156,199
156,224
156,297
156,300
156,345
156,352
156,365
156,386
156,406
156,437
156,470
156,479
156,518
156,543
156,577
156,579
156,629
156,686
156,689
156,692
25,28
25,186
25,472
152,173
152,386
152,470
152,543
152,554
152,603
627,462
627,481
617,63
617,75
617,77
617,164
617,233
617,234
617,489
617,662
491,192
491,268
491,462
491,590
189,121
155,63
155,164
107,494
533,75
533,77
533,164
533,233
533,234
533,386
533,470
533,543
533,662
56,494
186,386
186,470
186,543
422,24
422,86
422,192
422,270
422,462
422,481
422,590
422,591
422,617
422,695
216,450
657,240
657,536
678,270
626,240
626,472
626,494
484,494
661,19
661,55
661,95
661,111
661,147
661,161
661,229
661,386
661,436
661,444
661,450
661,460
661,462
661,470
661,487
661,490
661,519
661,530
661,543
661,545
661,598
661,610
661,636
661,637
661,650
661,652
661,670
526,77
526,164
526,386
526,470
526,543
673,472
